20140609000000000,0,0,4072.13,4072.17,4072.13,4072.17,1.1
20140609000100000,0,0,4072.2,4073.48,4072,4073.48,5.2154
20140609000200000,0,0,4071.63,4073.17,4071.63,4071.63,5.8295
20140609000300000,0,0,4071.63,4071.64,4071.6,4071.6,0.9695
20140609000400000,0,0,4071.6,4071.6,4071.6,4071.6,0.8472
20140609000500000,0,0,4072.53,4072.57,4072.53,4072.57,5
20140609000700000,0,0,4072.51,4072.51,4071.63,4072.5,1.8284
20140609000800000,0,0,4071.63,4072.51,4071,4071,6.0617
20140609000900000,0,0,4071,4072.5,4070.63,4070.63,1.9481
20140609001000000,0,0,4070.6,4070.6,4070.11,4070.11,9.1985
20140609001100000,0,0,4070.51,4070.61,4070.02,4070.61,3.457
20140609001200000,0,0,4070.02,4070.02,4070,4070,28.038
20140609001300000,0,0,4070,4074,4070,4074,27.1278
20140609001400000,0,0,4072.38,4072.53,4072.38,4072.53,0.6293
20140609001500000,0,0,4072.6,4072.63,4072.55,4072.55,3.1191
20140609001600000,0,0,4070.21,4070.77,4070,4070,25.2545
20140609001700000,0,0,4070.68,4071.5,4070,4070.2,2.651
20140609001800000,0,0,4070.2,4071.55,4069.98,4069.98,16.0973
20140609001900000,0,0,4069.98,4071.51,4069.19,4070.5,13.216
20140609002000000,0,0,4069.99,4070,4069,4069,15.541
20140609002100000,0,0,4069,4069.99,4069,4069.02,5.1064
20140609002200000,0,0,4069.98,4070,4069.98,4070,10
20140609002300000,0,0,4070,4070,4070,4070,23.4554
20140609002400000,0,0,4070.26,4070.26,4070,4070,4.1936
20140609002500000,0,0,4070,4070,4070,4070,6.5636
20140609002600000,0,0,4069,4070,4068.97,4070,3.326
20140609002700000,0,0,4070,4070,4070,4070,0.171
20140609002800000,0,0,4069.99,4069.99,4069.99,4069.99,0.161
20140609002900000,0,0,4069.99,4069.99,4068.99,4069.99,2.119
20140609003000000,0,0,4069.99,4069.99,4068.99,4069.99,1.1939
20140609003100000,0,0,4069.98,4069.98,4069.98,4069.98,0.2093
20140609003300000,0,0,4069.98,4069.98,4068,4068,8.01
20140609003400000,0,0,4067.9,4067.9,4067.9,4067.9,0.0168
20140609003500000,0,0,4068.02,4068.02,4066.6,4066.6,9.3185
20140609003600000,0,0,4069.42,4069.5,4067.9,4069.49,3.4954
20140609003700000,0,0,4069.49,4069.97,4069.49,4069.97,13.4525
20140609003800000,0,0,4068.44,4068.44,4067.97,4067.97,15.8694
20140609003900000,0,0,4067.97,4068,4067,4067,7.9212
20140609004000000,0,0,4067.98,4067.98,4067.95,4067.97,13.0276
20140609004100000,0,0,4066.74,4066.74,4066.74,4066.74,5.6107
20140609004200000,0,0,4067.97,4067.98,4067.97,4067.98,1.4304
20140609004300000,0,0,4067.98,4069.77,4066.89,4068.8,3.192
20140609004400000,0,0,4068.8,4069.76,4068.8,4068.8,2.714
20140609004500000,0,0,4067.66,4067.81,4067.66,4067.81,0.4762
20140609004600000,0,0,4068.38,4068.38,4068.38,4068.38,0.17
20140609004700000,0,0,4068.53,4068.73,4068.53,4068.7,2.3798
20140609004800000,0,0,4068.7,4068.7,4068.44,4068.44,1.5356
20140609004900000,0,0,4067.36,4067.36,4067.36,4067.36,0.0159
20140609005000000,0,0,4068.97,4068.97,4068.97,4068.97,1
20140609005100000,0,0,4068.86,4068.87,4068.86,4068.87,0.417
20140609005200000,0,0,4068.87,4069.67,4068.87,4069.67,1.4327
20140609005300000,0,0,4069.67,4072.97,4069.67,4072.97,9.8671
20140609005400000,0,0,4070.37,4070.37,4070.36,4070.36,0.9
20140609005500000,0,0,4072.74,4072.74,4070.81,4070.81,5.541
20140609005600000,0,0,4070.81,4071.5,4068.98,4069.11,16.6076
20140609005700000,0,0,4069.8,4070.01,4069.11,4070.01,3.6985
20140609005800000,0,0,4069.99,4071.07,4069.99,4069.99,0.37
20140609005900000,0,0,4069.99,4069.99,4069.29,4069.9,0.33
20140609010000000,0,0,4069.26,4069.89,4069,4069,3.7389
20140609010100000,0,0,4069.11,4069.11,4069,4069.01,8.098
20140609010200000,0,0,4069.01,4070,4069,4069,2.15
20140609010300000,0,0,4069.01,4069.05,4069.01,4069.05,0.305
20140609010400000,0,0,4069.9,4069.9,4069,4069,11.8832
20140609010500000,0,0,4069,4069.8,4069,4069.8,2.7019
20140609010600000,0,0,4069.78,4069.78,4069,4069,0.6194
20140609010700000,0,0,4069,4069,4068.87,4069,7.5524
20140609010800000,0,0,4069.8,4069.8,4068.87,4068.87,8.8783
20140609010900000,0,0,4068.87,4068.87,4068.87,4068.87,11.8988
20140609011000000,0,0,4068.87,4068.87,4068.87,4068.87,45.1794
20140609011100000,0,0,4068.87,4068.87,4066.64,4066.64,1.0932
20140609011200000,0,0,4066.7,4066.7,4066.6,4066.7,1.351
20140609011300000,0,0,4068.34,4068.38,4068.28,4068.38,4.7487
20140609011400000,0,0,4068.44,4069.87,4068.44,4069.84,13.8945
20140609011500000,0,0,4069.82,4069.89,4066.65,4069.7,6.655
20140609011600000,0,0,4069.7,4069.89,4066.88,4069.86,10.9071
20140609011700000,0,0,4069.78,4069.98,4069.63,4069.9,1.532
20140609011800000,0,0,4069.89,4070.03,4069.86,4070,17.914
20140609011900000,0,0,4070.02,4071.97,4070,4070,8.2354
20140609012000000,0,0,4070.03,4070.03,4066.6,4069.72,18.0483
20140609012100000,0,0,4069.72,4069.72,4067.97,4068.08,22.698
20140609012200000,0,0,4068.08,4069.96,4067.96,4068.06,4.5328
20140609012300000,0,0,4069.97,4069.97,4065,4068.04,41.4836
20140609012400000,0,0,4068.04,4069.97,4065,4069.97,42.156
20140609012500000,0,0,4069.97,4070,4065,4065,9.0381
20140609012600000,0,0,4069.18,4069.19,4065.17,4065.22,11.645
20140609012700000,0,0,4065.22,4068.9,4065.22,4068.9,3.6178
20140609012800000,0,0,4068.86,4068.95,4068.86,4068.95,1.03
20140609012900000,0,0,4068.95,4068.95,4067.45,4067.45,2.9431
20140609013000000,0,0,4066.03,4066.03,4065,4065,10.443
20140609013100000,0,0,4065.01,4065.01,4065,4065,30
20140609013200000,0,0,4065,4067.52,4064.97,4067.41,151.4475
20140609013300000,0,0,4067.41,4067.41,4065.24,4065.24,4.3778
20140609013400000,0,0,4067.15,4067.15,4063.2,4063.2,19.0227
20140609013500000,0,0,4064.68,4064.68,4063.47,4063.49,5.8497
20140609013600000,0,0,4063.52,4067.97,4063.03,4063.5,10.295
20140609013900000,0,0,4067.14,4067.19,4067.14,4067.19,1.1966
20140609014000000,0,0,4066.57,4066.57,4066.57,4066.57,0.1
20140609014100000,0,0,4066.42,4066.72,4066.42,4066.72,0.34
20140609014200000,0,0,4066.75,4067.97,4066.72,4067.97,0.7383
20140609014500000,0,0,4066.43,4069.96,4066.43,4066.49,3.9189
20140609014600000,0,0,4067.03,4067.03,4067.03,4067.03,5
20140609014800000,0,0,4067.02,4069.03,4067,4067.26,6.0001
20140609014900000,0,0,4067.27,4067.27,4066.97,4067,2.2994
20140609015000000,0,0,4069.77,4069.77,4069.77,4069.77,0.2107
20140609015100000,0,0,4067.27,4067.3,4064.96,4064.96,8.568
20140609015200000,0,0,4064.93,4064.96,4064.9,4064.93,6.9299
20140609015300000,0,0,4064.93,4069,4064.88,4069,2.9543
20140609015400000,0,0,4068.97,4072,4068.97,4072,1.4773
20140609015500000,0,0,4072,4072,4066.14,4067.99,5.6397
20140609015600000,0,0,4067.99,4068.02,4067.99,4068.02,0.51
20140609015700000,0,0,4067.7,4067.74,4067.64,4067.74,1.8309
20140609015800000,0,0,4067.79,4067.92,4067.79,4067.92,1.0873
20140609015900000,0,0,4069.46,4069.46,4066.03,4066.03,1.9848
20140609020000000,0,0,4067.03,4068.95,4067.01,4067.2,11.5115
20140609020100000,0,0,4066.02,4066.02,4066.01,4066.01,0.757
20140609020200000,0,0,4068.05,4068.05,4067.99,4067.99,1.026
20140609020300000,0,0,4066.97,4066.97,4066,4066,3.702
20140609020400000,0,0,4066,4070,4066,4067.22,2.3407
20140609020500000,0,0,4069.83,4069.83,4067.46,4067.46,0.8893
20140609020600000,0,0,4068.81,4068.84,4068.81,4068.84,1
20140609020700000,0,0,4068.34,4069.08,4068.34,4069.08,14.8891
20140609020800000,0,0,4069.99,4070.02,4069.99,4070,24.8279
20140609020900000,0,0,4069,4070.01,4068.97,4070,6.5734
20140609021000000,0,0,4069.97,4071.2,4069.97,4071.01,5.223
20140609021100000,0,0,4071.01,4071.01,4069.98,4069.98,0.69
20140609021400000,0,0,4068.97,4069,4068.97,4069,7.1172
20140609021500000,0,0,4069,4069.77,4067.43,4068.89,14.5463
20140609021600000,0,0,4068.86,4068.86,4066.23,4066.39,4.6933
20140609021700000,0,0,4066.39,4068.38,4066.39,4066.5,3.1774
20140609021800000,0,0,4068.23,4071,4068.21,4068.56,24.9533
20140609021900000,0,0,4068.56,4068.58,4066.2,4066.2,18.2205
20140609022000000,0,0,4066.2,4068.03,4066.01,4067.92,5.1252
20140609022100000,0,0,4067.71,4067.74,4066,4066,34.7455
20140609022200000,0,0,4067.58,4067.58,4067.58,4067.58,0.04
20140609022300000,0,0,4067.28,4067.28,4066,4067.16,0.9509
20140609022400000,0,0,4066,4066,4066,4066,1.5
20140609022500000,0,0,4066,4066,4064.97,4065.98,38.9389
20140609022600000,0,0,4066,4067.64,4066,4067.64,2.9184
20140609022700000,0,0,4066.12,4066.39,4064.12,4066.39,6.6885
20140609022800000,0,0,4065.74,4065.74,4064.34,4065.47,5.6413
20140609022900000,0,0,4064.34,4064.34,4063.92,4064,15.3601
20140609023000000,0,0,4064,4064,4064,4064,3.072
20140609023100000,0,0,4064,4064,4064,4064,0.326
20140609023200000,0,0,4064,4064,4064,4064,0.1984
20140609023300000,0,0,4064.64,4064.7,4064.64,4064.7,0.2607
20140609023400000,0,0,4065.99,4065.99,4064.84,4064.84,0.296
20140609023500000,0,0,4064.92,4065.98,4064.92,4064.92,2.5506
20140609023600000,0,0,4064.92,4065.98,4063.99,4063.99,13.8641
20140609023800000,0,0,4065,4065,4063.99,4063.99,2.0992
20140609023900000,0,0,4063.99,4063.99,4060.1,4063.76,67.7155
20140609024000000,0,0,4063.79,4065,4063.79,4065,10.8544
20140609024100000,0,0,4064.95,4065.98,4064.89,4065.98,4.0726
20140609024200000,0,0,4065.98,4065.98,4065.98,4065.98,0.07
20140609024300000,0,0,4065,4065,4065,4065,18.6165
20140609024400000,0,0,4064.79,4064.79,4061.84,4064.76,3.2701
20140609024500000,0,0,4064.73,4064.99,4064.67,4064.99,4.2123
20140609024600000,0,0,4064.99,4065,4062.31,4064.78,5.5024
20140609024700000,0,0,4064.77,4064.77,4063.35,4064.59,3.2396
20140609024800000,0,0,4064.59,4064.99,4063.35,4064.96,20.4102
20140609024900000,0,0,4064.96,4064.97,4063,4063.23,8.1912
20140609025000000,0,0,4063.23,4064.72,4061.5,4061.5,2.8063
20140609025100000,0,0,4061.5,4064.79,4061.5,4064.69,3.4804
20140609025200000,0,0,4064.54,4064.54,4064.22,4064.22,0.6005
20140609025300000,0,0,4064.21,4064.21,4063.85,4063.85,0.9032
20140609025400000,0,0,4062.32,4063.8,4061.04,4062.95,0.9656
20140609025500000,0,0,4062.92,4064.4,4062.84,4063.02,2.7538
20140609025600000,0,0,4064.39,4065,4064.39,4064.39,1.09
20140609025700000,0,0,4065,4065,4065,4065,2.9503
20140609025800000,0,0,4065,4066.97,4065,4066.97,21.3864
20140609025900000,0,0,4065.17,4065.17,4061.58,4061.58,18.0011
20140609030000000,0,0,4062.13,4065.02,4062.05,4065.02,5.9018
20140609030100000,0,0,4062.1,4064.2,4060.11,4062.16,10.4073
20140609030200000,0,0,4062.16,4066.13,4061.89,4063.95,2.8696
20140609030300000,0,0,4064.13,4066.2,4060.44,4066.2,8.1597
20140609030400000,0,0,4064.55,4065.19,4063.09,4065.19,2.1043
20140609030500000,0,0,4065.19,4071.2,4065.19,4066.31,5.6381
20140609030600000,0,0,4067,4067.27,4067,4067.27,1.5034
20140609030700000,0,0,4067.29,4069.93,4067.29,4069.21,1.7085
20140609030800000,0,0,4067.61,4069.19,4065.22,4065.22,6.2901
20140609030900000,0,0,4065.22,4066.14,4064.92,4064.92,2.1349
20140609031000000,0,0,4064.92,4064.92,4064.82,4064.92,0.5607
20140609031100000,0,0,4064.92,4064.95,4064.92,4064.92,2.5558
20140609031200000,0,0,4063.46,4066,4062.64,4062.67,5.9689
20140609031300000,0,0,4065.97,4066.01,4064.94,4066.01,3.3941
20140609031400000,0,0,4068.96,4069,4066.32,4068.99,7.31
20140609031500000,0,0,4069,4071.2,4069,4069.16,25.6491
20140609031600000,0,0,4069,4069,4064.01,4066,14.9204
20140609031700000,0,0,4066.01,4066.5,4065.91,4066.49,6.1448
20140609031800000,0,0,4065.95,4068.9,4065.95,4066.68,5.1678
20140609031900000,0,0,4066.65,4066.65,4066.55,4066.6,1.8215
20140609032000000,0,0,4066.6,4066.6,4066.6,4066.6,0.342
20140609032100000,0,0,4068.39,4069,4068.39,4069,3.0684
20140609032200000,0,0,4071.08,4071.08,4067.44,4067.44,0.55
20140609032300000,0,0,4067.62,4067.62,4067.55,4067.55,4.31
20140609032400000,0,0,4066.6,4068.03,4065.76,4066.62,22.3268
20140609032500000,0,0,4067.93,4067.94,4066.68,4066.69,3.2292
20140609032600000,0,0,4067.66,4067.73,4067.66,4067.73,5
20140609033000000,0,0,4066.23,4066.23,4064,4064.18,4.2445
20140609033100000,0,0,4065.99,4070.11,4064.3,4064.3,41.2203
20140609033200000,0,0,4069.11,4077,4065.12,4071.91,42.2727
20140609033300000,0,0,4072,4076.5,4069.92,4072.93,8.9811
20140609033400000,0,0,4072.96,4073.09,4072.96,4073.06,2.6504
20140609033500000,0,0,4070.01,4072.68,4070.01,4072.68,12.3575
20140609033600000,0,0,4073.36,4073.55,4073.36,4073.55,3.8198
20140609033700000,0,0,4073.55,4073.55,4069.81,4069.81,0.552
20140609033800000,0,0,4067.45,4067.45,4067.45,4067.45,0.05
20140609033900000,0,0,4071.61,4071.65,4071.61,4071.65,2.952
20140609034000000,0,0,4071.56,4072.85,4071.56,4072.85,1.2619
20140609034200000,0,0,4069.09,4072.66,4069.09,4072.66,3.9139
20140609034300000,0,0,4072.66,4072.66,4069.4,4069.4,1.9861
20140609034400000,0,0,4069.4,4069.4,4069.4,4069.4,0.21
20140609034500000,0,0,4069.4,4070.66,4069.33,4069.33,1.3296
20140609034800000,0,0,4068.88,4068.88,4068.85,4068.85,0.3578
20140609034900000,0,0,4065.94,4070.62,4065.84,4070.62,6.0061
20140609035000000,0,0,4070.3,4070.3,4070.3,4070.3,0.118
20140609035500000,0,0,4068.08,4068.08,4068.08,4068.08,0.2
20140609035600000,0,0,4068.02,4068.02,4065.88,4065.88,0.453
20140609035700000,0,0,4067.48,4067.48,4067.27,4067.27,0.1791
20140609035800000,0,0,4067.18,4067.21,4066.94,4066.94,0.808
20140609035900000,0,0,4066.46,4066.46,4066.37,4066.37,0.56
20140609040000000,0,0,4066.28,4070.66,4065.79,4065.79,1.1025
20140609040100000,0,0,4065.8,4065.8,4065.76,4065.76,0.137
20140609040200000,0,0,4065.8,4065.8,4065.8,4065.8,0.055
20140609040400000,0,0,4069.86,4069.86,4069.83,4069.83,0.1
20140609040500000,0,0,4069.83,4069.83,4069.83,4069.83,0.05
20140609040700000,0,0,4067.02,4067.02,4067.02,4067.02,0.2107
20140609040900000,0,0,4069.05,4069.06,4069.05,4069.06,0.2105
20140609041000000,0,0,4068.19,4068.19,4068.19,4068.19,0.1
20140609041100000,0,0,4067.08,4067.08,4067.08,4067.08,0.1106
20140609041300000,0,0,4068.57,4068.57,4067.09,4067.09,0.12
20140609041700000,0,0,4067.09,4067.09,4067.09,4067.09,0.0144
20140609042300000,0,0,4068.56,4077.16,4067.08,4069.26,2.4735
20140609042400000,0,0,4069.16,4074.24,4069.13,4070.25,4.925
20140609042500000,0,0,4070.34,4073.84,4070.34,4073.68,0.6693
20140609042600000,0,0,4073.62,4073.65,4073.62,4073.65,0.431
20140609042700000,0,0,4073.26,4073.64,4070.96,4070.96,0.06
20140609042800000,0,0,4073.43,4074.25,4073.41,4074.25,0.21
20140609042900000,0,0,4072.01,4074.25,4072.01,4074.25,0.282
20140609043000000,0,0,4072.22,4072.42,4072.22,4072.42,0.101
20140609043100000,0,0,4072.44,4072.68,4072.44,4072.68,0.2556
20140609043200000,0,0,4072.71,4074.25,4072.71,4073.38,0.7425
20140609043300000,0,0,4073.38,4073.38,4073.38,4073.38,0.1
20140609043400000,0,0,4073.38,4073.38,4073.38,4073.38,0.12
20140609043500000,0,0,4073.38,4074.25,4073.38,4073.5,1.2785
20140609043600000,0,0,4073.56,4077.91,4073.56,4077.91,6.7779
20140609043700000,0,0,4076.78,4079.47,4073.79,4076.74,13.2905
20140609043800000,0,0,4076.74,4076.74,4076.74,4076.74,1.099
20140609043900000,0,0,4076.74,4081,4076.74,4076.9,20.8156
20140609044000000,0,0,4076.96,4077.19,4076.96,4077.19,1.14
20140609044100000,0,0,4077.24,4077.29,4077.24,4077.26,2.9291
20140609044200000,0,0,4076.74,4081,4071.82,4081,5.9046
20140609044300000,0,0,4072.05,4072.11,4072.05,4072.11,0.03
20140609044400000,0,0,4072.62,4072.67,4072.62,4072.67,0.03
20140609044600000,0,0,4073.18,4073.34,4073.18,4073.34,0.06
20140609044700000,0,0,4073.37,4073.72,4073.37,4073.72,0.07
20140609044800000,0,0,4073.74,4076.27,4073.69,4074.83,3.474
20140609044900000,0,0,4074.83,4075.02,4074.83,4075.02,0.11
20140609045000000,0,0,4075.08,4075.35,4075.08,4075.35,0.11
20140609045100000,0,0,4075.38,4078.29,4075.38,4075.67,0.619
20140609045200000,0,0,4075.7,4075.83,4075.7,4075.8,0.3354
20140609045400000,0,0,4076.37,4076.37,4076.37,4076.37,1.1255
20140609045500000,0,0,4075.95,4076.36,4075.95,4076.36,0.2685
20140609045600000,0,0,4072.39,4072.45,4072.39,4072.45,0.06
20140609045700000,0,0,4072.45,4072.81,4072.45,4072.81,1.256
20140609045800000,0,0,4073.17,4073.2,4073.14,4073.2,0.784
20140609045900000,0,0,4073.23,4073.26,4071.87,4071.87,8.462
20140609050000000,0,0,4071.84,4071.84,4071.72,4071.73,4.9811
20140609050100000,0,0,4071.73,4072.5,4071.73,4072.49,0.2339
20140609050200000,0,0,4073.23,4073.73,4073.03,4073.03,0.568
20140609050300000,0,0,4073.86,4074.11,4073.86,4074.11,1.3314
20140609050400000,0,0,4074.14,4074.41,4074.14,4074.41,0.28
20140609050500000,0,0,4075.54,4075.54,4074.35,4074.35,1.803
20140609050600000,0,0,4071.36,4074.13,4071.36,4074.13,0.0567
20140609050800000,0,0,4071.88,4071.88,4071.88,4071.88,0.1854
20140609051000000,0,0,4072.84,4073.57,4072.1,4073.57,0.5978
20140609051100000,0,0,4073.57,4074.1,4072,4072,3.5106
20140609051200000,0,0,4072.03,4072.03,4072.03,4072.03,0.082
20140609051400000,0,0,4072.68,4075.48,4072.68,4075.48,2.9473
20140609051600000,0,0,4075.43,4075.49,4075.43,4075.49,2.3283
20140609051700000,0,0,4071.04,4071.14,4071.04,4071.14,0.4393
20140609051800000,0,0,4072.97,4072.97,4072.97,4072.97,0.02
20140609051900000,0,0,4072.55,4072.55,4072.52,4072.52,0.25
20140609052000000,0,0,4072.31,4072.31,4072.28,4072.28,0.1793
20140609052900000,0,0,4072,4072,4072,4072,0.1236
20140609053300000,0,0,4072,4072,4072,4072,0.9
20140609053400000,0,0,4071.88,4072,4071.88,4072,1.1617
20140609053600000,0,0,4071.88,4073.74,4071.88,4073.74,1.285
20140609053700000,0,0,4071.99,4071.99,4071.88,4071.88,0.2291
20140609053800000,0,0,4072.29,4072.29,4072.29,4072.29,0.1008
20140609053900000,0,0,4072.42,4072.42,4072.42,4072.42,0.2376
20140609054300000,0,0,4072.59,4072.59,4070.13,4071.79,7.3254
20140609054400000,0,0,4071.79,4071.79,4071.79,4071.79,0.01
20140609054500000,0,0,4071.14,4071.14,4070,4070,4.489
20140609054600000,0,0,4070,4070,4068.97,4070,10.4572
20140609054900000,0,0,4071.75,4071.76,4071.75,4071.76,0.155
20140609055100000,0,0,4071.88,4071.88,4071.88,4071.88,0.0104
20140609055600000,0,0,4073.96,4073.96,4073.96,4073.96,0.5515
20140609055700000,0,0,4073.96,4073.96,4073.96,4073.96,0.3254
20140609055800000,0,0,4073.96,4075,4070.01,4075,5.9098
20140609055900000,0,0,4074.97,4074.97,4074.97,4074.97,0.2101
20140609060200000,0,0,4074.97,4074.97,4074.97,4074.97,0.5
20140609060400000,0,0,4072.07,4075.5,4072.02,4075.5,7.1145
20140609060500000,0,0,4075.4,4079.25,4075,4076.12,16.2666
20140609060600000,0,0,4079.17,4079.17,4079.17,4079.17,1.2732
20140609060700000,0,0,4079.17,4081,4079,4081,2.5158
20140609060800000,0,0,4079.04,4081,4079.04,4079.2,7.4306
20140609061000000,0,0,4078.28,4078.28,4078.28,4078.28,0.5357
20140609061100000,0,0,4075.27,4075.27,4074.77,4074.77,10.43
20140609061200000,0,0,4077.43,4077.46,4077.4,4077.4,3.52
20140609061300000,0,0,4077.28,4077.28,4077.28,4077.28,0.7985
20140609061400000,0,0,4076.68,4076.68,4076.6,4076.6,0.595
20140609061500000,0,0,4076.6,4076.63,4076.6,4076.63,0.0965
20140609061600000,0,0,4077.05,4077.05,4077.05,4077.05,0.1944
20140609061700000,0,0,4077.2,4077.33,4077.2,4077.33,0.4695
20140609061800000,0,0,4077.53,4077.8,4077.53,4077.79,2.8411
20140609061900000,0,0,4077.79,4078.06,4074.7,4074.7,3.2514
20140609062000000,0,0,4075.03,4075.03,4075,4075,1.9725
20140609062100000,0,0,4075.04,4075.04,4075.04,4075.04,1.5
20140609062300000,0,0,4076.57,4076.57,4075.3,4076.26,12.2454
20140609062400000,0,0,4076.3,4076.54,4076.3,4076.3,27.7204
20140609062500000,0,0,4075.3,4076,4075.3,4076,0.7278
20140609062700000,0,0,4075.3,4075.3,4075.3,4075.3,0.02
20140609062800000,0,0,4075.3,4079.9,4075.28,4079.9,6.1322
20140609062900000,0,0,4076.38,4076.38,4076.38,4076.38,1.5247
20140609063000000,0,0,4076.56,4078.55,4076.56,4078.55,1.9626
20140609063100000,0,0,4076.8,4076.83,4076.8,4076.83,1.309
20140609063300000,0,0,4076.76,4077.45,4076.76,4077.45,1.3557
20140609063400000,0,0,4077.45,4078.45,4076.05,4076.05,3.5325
20140609063500000,0,0,4076.05,4077.03,4076.04,4077.03,1.6314
20140609063900000,0,0,4076.72,4076.72,4076.72,4076.72,0.07
20140609064000000,0,0,4076.69,4076.69,4076.51,4076.51,1.11
20140609064200000,0,0,4074.96,4074.96,4071.11,4073.55,4.0764
20140609064300000,0,0,4071.03,4071.03,4068.12,4069.73,2.633
20140609064400000,0,0,4069.7,4069.7,4069.66,4069.66,0.1
20140609064500000,0,0,4069.66,4075,4068.43,4068.43,2.9952
20140609064600000,0,0,4068.7,4074.49,4068.67,4074.49,0.4542
20140609064800000,0,0,4073.56,4073.56,4073.5,4073.5,1.2179
20140609065000000,0,0,4073.53,4073.53,4073.52,4073.52,1.7376
20140609065100000,0,0,4073.52,4073.52,4073.5,4073.5,7.4095
20140609065300000,0,0,4073.21,4074.28,4073.21,4074.22,2.3352
20140609065400000,0,0,4074.22,4074.22,4070.7,4073.86,0.3715
20140609065500000,0,0,4073.79,4075.03,4070.79,4073.8,2.6252
20140609065600000,0,0,4071.11,4071.11,4071.11,4071.11,1.8403
20140609065800000,0,0,4071.43,4073.17,4071.43,4073.17,0.2486
20140609065900000,0,0,4073.04,4073.04,4073.04,4073.04,0.05
20140609070200000,0,0,4072.47,4072.47,4072,4072,10.9511
20140609070300000,0,0,4072,4072,4070.97,4071,1.1151
20140609070400000,0,0,4072,4072.55,4072,4072.04,9.5879
20140609070500000,0,0,4075,4075,4072,4072.49,4.8603
20140609070600000,0,0,4072,4073.97,4072,4073.97,11.5856
20140609070700000,0,0,4072.06,4072.06,4072,4072,8.7051
20140609070800000,0,0,4072,4077.94,4071.97,4077.94,17.9099
20140609070900000,0,0,4072.45,4072.45,4071,4071,5.4616
20140609071000000,0,0,4071,4072,4071,4071.91,0.589
20140609071100000,0,0,4071.88,4071.88,4070.1,4070.1,3.4308
20140609071200000,0,0,4070.1,4071.22,4069.97,4070,5.3712
20140609071300000,0,0,4070.28,4070.28,4070.23,4070.23,2.844
20140609071400000,0,0,4070.23,4070.23,4068.18,4068.18,4.939
20140609071500000,0,0,4068.24,4070.75,4068.24,4070.26,0.5729
20140609071700000,0,0,4069.88,4071.7,4069.81,4071.7,3.0905
20140609071800000,0,0,4071.82,4071.91,4070.81,4070.81,3.0488
20140609072200000,0,0,4071.52,4073.02,4071.52,4073.02,6.4335
20140609072400000,0,0,4072.03,4072.99,4072.03,4072.99,0.54
20140609072500000,0,0,4072.99,4072.99,4072.99,4072.99,0.02
20140609072600000,0,0,4072.99,4073,4072.99,4073,2.2797
20140609072700000,0,0,4074.5,4074.5,4074.5,4074.5,0.4059
20140609072800000,0,0,4073.21,4074.5,4073.18,4074.5,2.7817
20140609072900000,0,0,4074.53,4076.5,4070.01,4070.04,5.1629
20140609073000000,0,0,4074.74,4074.79,4071.1,4071.18,5.5727
20140609073100000,0,0,4071.31,4071.31,4071.31,4071.31,5.8233
20140609073200000,0,0,4073.9,4073.91,4073.8,4073.8,3.9845
20140609073300000,0,0,4073.8,4075.03,4073.8,4075.03,29.1469
20140609073400000,0,0,4075.03,4076.5,4075.03,4076.5,0.8936
20140609073500000,0,0,4075.18,4077.67,4075.18,4075.55,0.26
20140609073600000,0,0,4075.56,4077.52,4075.27,4075.92,3.1412
20140609073700000,0,0,4075.92,4077.25,4075,4075,38.9807
20140609073800000,0,0,4074.64,4077.16,4074.58,4074.83,6.831
20140609073900000,0,0,4077.16,4077.16,4077.15,4077.15,7.51
20140609074000000,0,0,4075.53,4075.58,4075.53,4075.58,0.8158
20140609074100000,0,0,4077.15,4078,4077.15,4078,6.1307
20140609074200000,0,0,4078,4080,4072.03,4080,20.02
20140609074300000,0,0,4074.03,4076.44,4074.03,4074.11,5.497
20140609074400000,0,0,4074.13,4076.5,4073,4076.32,6.3401
20140609074500000,0,0,4074.26,4074.26,4074.26,4074.26,0.0497
20140609074700000,0,0,4075.9,4076.5,4075.9,4076.5,4.4543
20140609074800000,0,0,4078.03,4080,4078.03,4078.14,3.158
20140609074900000,0,0,4078.18,4079.97,4078.18,4078.35,14.849
20140609075000000,0,0,4079.77,4079.77,4079.73,4079.73,0.246
20140609075100000,0,0,4079.5,4080.75,4079.5,4080.75,13.1285
20140609075200000,0,0,4080,4080,4075.79,4079.46,5.1666
20140609075300000,0,0,4076.03,4076.03,4076,4076,1.4629
20140609075400000,0,0,4078.58,4080.94,4076.56,4079.06,29.9049
20140609075500000,0,0,4079.03,4080.79,4075.15,4075.18,2.4659
20140609075700000,0,0,4076.23,4076.23,4076.23,4076.23,0.031
20140609075800000,0,0,4077.87,4077.9,4077.87,4077.9,1.4113
20140609080300000,0,0,4078.38,4079.14,4078.38,4078.47,1.6164
20140609080400000,0,0,4078.49,4079.59,4078.48,4079.59,1.7967
20140609080500000,0,0,4079.44,4079.46,4079.44,4079.46,2.546
20140609080600000,0,0,4079.51,4080,4079.51,4079.51,12.3681
20140609080700000,0,0,4079.59,4079.59,4079.59,4079.59,0.35
20140609080800000,0,0,4079.51,4079.51,4079.38,4079.4,2.4711
20140609080900000,0,0,4079.5,4080.97,4079.5,4080.94,12.6987
20140609081000000,0,0,4080.94,4080.94,4076.53,4080.41,14.3214
20140609081100000,0,0,4080.41,4080.41,4080.25,4080.25,1.6
20140609081200000,0,0,4080.17,4080.17,4080.17,4080.17,0.874
20140609081300000,0,0,4079.97,4080.1,4079.97,4080.1,1.9749
20140609081400000,0,0,4078.29,4078.29,4078.27,4078.27,10
20140609081500000,0,0,4080.09,4080.15,4080.03,4080.03,5.0386
20140609081600000,0,0,4080.03,4080.18,4080,4080,2.706
20140609081700000,0,0,4080,4080.18,4080,4080,0.7947
20140609081800000,0,0,4080,4080,4080,4080,0.3129
20140609081900000,0,0,4078.88,4078.88,4077,4077,0.352
20140609082000000,0,0,4077.57,4077.57,4077.52,4077.52,2.101
20140609082100000,0,0,4077.52,4077.57,4077.03,4077.57,8.5929
20140609082300000,0,0,4077.13,4077.13,4077.13,4077.13,0.9371
20140609082400000,0,0,4077.13,4077.13,4077,4077,3.5877
20140609082500000,0,0,4077,4077.5,4076,4076,12.8672
20140609082600000,0,0,4075.7,4075.73,4071.56,4071.56,11.5833
20140609082700000,0,0,4075,4075.94,4072,4074.13,14.5979
20140609082800000,0,0,4074.16,4074.33,4073,4073,3.5889
20140609082900000,0,0,4073.66,4073.66,4071.88,4071.88,1.85
20140609083000000,0,0,4071.88,4071.88,4071.22,4071.25,0.4513
20140609083100000,0,0,4072.69,4073,4071.25,4073,3.0725
20140609083200000,0,0,4074,4075.92,4074,4074.29,7.1742
20140609083300000,0,0,4074.29,4075.74,4074.28,4075.74,2.5
20140609083500000,0,0,4074.29,4074.29,4074.29,4074.29,0.699
20140609083600000,0,0,4074.29,4075.85,4073.97,4075.84,11.925
20140609083700000,0,0,4075.84,4076.42,4075.84,4076.03,1.5105
20140609083800000,0,0,4076.03,4076.03,4075,4075,0.5967
20140609083900000,0,0,4075.96,4076.82,4075.96,4076.82,1.435
20140609084000000,0,0,4076.82,4076.82,4075,4075,2.4212
20140609084300000,0,0,4075.03,4077.03,4075.03,4077,18.9894
20140609084400000,0,0,4077,4077,4076,4076,14.0594
20140609084500000,0,0,4076.85,4076.85,4075.07,4076.85,0.2931
20140609084600000,0,0,4076.79,4076.79,4076,4076.67,3.579
20140609084700000,0,0,4076.7,4076.79,4076.67,4076.79,0.797
20140609084800000,0,0,4076.67,4076.79,4076.67,4076.79,0.3457
20140609085000000,0,0,4076.67,4076.67,4075.3,4075.3,0.1365
20140609085100000,0,0,4075.35,4075.35,4074.03,4074.03,9.4287
20140609085200000,0,0,4074,4074,4074,4074,0.0028
20140609085300000,0,0,4074,4076.97,4072.33,4073.36,5.6243
20140609085400000,0,0,4076.76,4076.76,4074.63,4076,1.1495
20140609085500000,0,0,4075.08,4075.69,4075.05,4075.69,0.874
20140609085600000,0,0,4075.69,4076.36,4075.68,4076.36,1.0145
20140609085700000,0,0,4076.36,4076.36,4075.94,4075.94,0.2255
20140609085800000,0,0,4076,4076.33,4073.37,4076.33,3.7568
20140609085900000,0,0,4076.28,4076.28,4073.75,4073.9,0.8317
20140609090000000,0,0,4075.99,4076.09,4075,4076,3.782
20140609090100000,0,0,4075.16,4076.87,4075.16,4076.84,2.1712
20140609090200000,0,0,4075.27,4075.84,4075.27,4075.84,0.9184
20140609090300000,0,0,4075.26,4076.8,4075.26,4076.8,0.3094
20140609090600000,0,0,4076.8,4076.8,4076.45,4076.8,0.6549
20140609090700000,0,0,4076.8,4076.8,4076.8,4076.8,0.0665
20140609090800000,0,0,4076.02,4076.8,4076.02,4076.8,0.2836
20140609090900000,0,0,4076.02,4076.02,4076,4076,0.3501
20140609091000000,0,0,4076.02,4078,4076.02,4078,6.673
20140609091100000,0,0,4078,4078,4077,4077.06,1.1104
20140609091200000,0,0,4077.06,4077.06,4077,4077,6.8206
20140609091300000,0,0,4077,4077.89,4077,4077.89,5.5096
20140609091400000,0,0,4077.89,4078,4077.87,4077.89,4.108
20140609091500000,0,0,4077.89,4078,4077,4078,1.3291
20140609091600000,0,0,4078,4078.97,4077.09,4078,8.3288
20140609091700000,0,0,4079,4079.97,4079,4079.97,2.0497
20140609091800000,0,0,4079.98,4080.86,4079.98,4080.86,12.3518
20140609091900000,0,0,4080.93,4080.93,4079.97,4080,4.0166
20140609092000000,0,0,4080,4080.89,4079.5,4080.89,4.2588
20140609092100000,0,0,4080.58,4080.99,4080.58,4080.9,22.6772
20140609092200000,0,0,4080.99,4082,4078.46,4082,9.879
20140609092300000,0,0,4081.97,4082,4079.27,4079.27,3.333
20140609092500000,0,0,4079.74,4080.5,4079.74,4080.5,0.4536
20140609092600000,0,0,4080.5,4080.5,4080.5,4080.5,0.1372
20140609092700000,0,0,4080.5,4081.03,4080.5,4081.03,1.046
20140609092800000,0,0,4081.03,4081.03,4080.95,4080.98,9.7806
20140609092900000,0,0,4080.95,4080.95,4080.5,4080.5,7.01
20140609093000000,0,0,4080.5,4080.5,4079,4080,1.3154
20140609093100000,0,0,4080.02,4080.02,4080,4080,2.5054
20140609093200000,0,0,4079.98,4079.98,4078.26,4078.26,1.9495
20140609093300000,0,0,4079.95,4079.95,4078.22,4079.7,0.61
20140609093400000,0,0,4079.67,4079.68,4079.54,4079.55,0.6702
20140609093500000,0,0,4079.55,4079.7,4079.55,4079.7,1.7751
20140609093600000,0,0,4079.7,4080,4079.7,4080,13.337
20140609093700000,0,0,4080,4080,4079.9,4079.9,0.655
20140609093800000,0,0,4079.9,4080.1,4079.66,4079.66,1.1259
20140609093900000,0,0,4080,4080.07,4078.18,4080.07,7.16
20140609094000000,0,0,4080.07,4080.5,4078.28,4080.1,7.2679
20140609094100000,0,0,4080.5,4080.5,4078.41,4080.5,4.796
20140609094200000,0,0,4078.69,4080.23,4078.66,4080.23,2.1894
20140609094300000,0,0,4080.23,4080.24,4080,4080,0.9085
20140609094400000,0,0,4079.98,4079.99,4079.98,4079.99,1.4771
20140609094500000,0,0,4079.98,4079.99,4078,4079,11.6344
20140609094600000,0,0,4078.17,4078.99,4078,4078,13.0208
20140609094700000,0,0,4078,4078,4075,4075.11,5.8307
20140609094800000,0,0,4075,4075.4,4074.88,4075.4,6.3395
20140609094900000,0,0,4075.13,4077,4075.13,4077,2.8792
20140609095000000,0,0,4077,4077,4077,4077,1.1564
20140609095100000,0,0,4077,4077.9,4077,4077,1.8334
20140609095200000,0,0,4077,4077.8,4076.14,4076.14,2.7239
20140609095300000,0,0,4076.16,4076.99,4075.41,4075.42,2.18
20140609095400000,0,0,4075.45,4075.95,4075.38,4075.95,9.5902
20140609095500000,0,0,4075.95,4076.36,4075,4076.31,6.8904
20140609095600000,0,0,4076.38,4076.38,4074.05,4075,16.8637
20140609095700000,0,0,4075,4075,4074.07,4075,3.3682
20140609095800000,0,0,4074.99,4074.99,4070,4070,102.3451
20140609095900000,0,0,4070.74,4071.9,4069.97,4071.9,18.189
20140609100000000,0,0,4071.9,4073.78,4071.9,4073.78,2.0066
20140609100100000,0,0,4073.98,4073.98,4071.97,4071.97,19.6681
20140609100200000,0,0,4073.57,4074,4073.54,4073.61,6.0357
20140609100300000,0,0,4073.61,4074,4070.74,4072.9,8.4776
20140609100400000,0,0,4071.14,4072.82,4071.14,4071.54,1.0852
20140609100500000,0,0,4071.58,4071.98,4070.75,4070.77,12.67
20140609100600000,0,0,4070.77,4070.77,4068,4069.8,37.4698
20140609100700000,0,0,4069.8,4070.77,4068.04,4070.77,26.0295
20140609100800000,0,0,4070.04,4070.77,4070.04,4070.77,18.1549
20140609100900000,0,0,4070.77,4070.77,4070,4070,9.483
20140609101000000,0,0,4070,4070.9,4069.8,4070.9,6.3282
20140609101100000,0,0,4070.9,4071.98,4070,4071.8,5.1557
20140609101200000,0,0,4071.8,4071.8,4071.47,4071.5,2.5972
20140609101300000,0,0,4071.75,4072,4071.75,4072,19.1067
20140609101400000,0,0,4071.99,4072,4066,4066,47.8896
20140609101500000,0,0,4066,4071.98,4066,4070.63,29.8794
20140609101600000,0,0,4071.5,4071.98,4071,4071,26.7287
20140609101700000,0,0,4070.92,4071.88,4070,4071.88,0.6611
20140609101800000,0,0,4070.2,4071.9,4070.2,4071.9,16.7555
20140609101900000,0,0,4071.9,4071.9,4070.29,4071,4.0192
20140609102000000,0,0,4070.45,4071,4070,4070.97,24.9024
20140609102100000,0,0,4070.1,4070.1,4069.98,4069.98,18.1569
20140609102200000,0,0,4069.98,4070,4069.98,4070,2.3941
20140609102300000,0,0,4070,4070,4070,4070,3.7749
20140609102400000,0,0,4070,4070,4067.12,4068.97,10.5095
20140609102500000,0,0,4068.91,4068.91,4068.69,4068.9,2.4058
20140609102600000,0,0,4069.97,4071,4069.97,4071,5.2033
20140609102700000,0,0,4070.03,4070.03,4068.9,4068.9,19.6216
20140609102800000,0,0,4068.75,4069.91,4067.36,4069.91,3.6975
20140609102900000,0,0,4069.83,4069.83,4068.76,4068.8,2.6822
20140609103000000,0,0,4067.68,4067.68,4067.64,4067.64,3.2902
20140609103200000,0,0,4067.99,4069.8,4067.99,4069.75,4.2789
20140609103300000,0,0,4069,4069,4069,4069,0.7328
20140609103400000,0,0,4069,4069.67,4068.16,4068.16,3.3818
20140609103500000,0,0,4069,4070,4069,4070,50.0098
20140609103600000,0,0,4069.97,4070.9,4068,4070.12,95.3687
20140609103700000,0,0,4069.38,4069.38,4068,4068.03,28.2831
20140609103800000,0,0,4068.03,4068.98,4067.97,4067.97,10.4268
20140609103900000,0,0,4067.97,4067.97,4066.8,4066.8,26.2322
20140609104000000,0,0,4066.8,4066.8,4065,4066.74,52.4388
20140609104100000,0,0,4066.74,4066.74,4062.58,4063,52.2616
20140609104200000,0,0,4063.03,4064.89,4059.97,4060,130.2949
20140609104300000,0,0,4059.98,4064.67,4059.97,4060,30.988
20140609104400000,0,0,4060,4060,4059,4059,29.8149
20140609104500000,0,0,4059.03,4063.25,4058.6,4063.25,35.7112
20140609104600000,0,0,4063.25,4063.25,4059.77,4060.61,22.9355
20140609104700000,0,0,4060.61,4060.62,4059.75,4060.62,14.1068
20140609104800000,0,0,4060.27,4060.93,4060,4060.9,25.8168
20140609104900000,0,0,4060.9,4060.92,4060,4060.54,13.8908
20140609105000000,0,0,4060.49,4062,4059.9,4060.09,11.7011
20140609105100000,0,0,4060.96,4062.85,4060.93,4062.85,3.0447
20140609105200000,0,0,4062.73,4062.77,4062.73,4062.77,3
20140609105400000,0,0,4062.76,4064.71,4062.76,4064.71,0.6214
20140609105500000,0,0,4064.76,4066.9,4064.76,4065.06,18.7585
20140609105600000,0,0,4066.73,4066.9,4065.27,4066.88,14.4565
20140609105700000,0,0,4066.88,4068,4066.88,4068,5.1622
20140609105800000,0,0,4068.12,4068.17,4067.86,4067.86,6.2231
20140609105900000,0,0,4065.39,4065.43,4065,4065,4.3357
20140609110000000,0,0,4064.69,4064.7,4063.17,4063.17,0.3262
20140609110100000,0,0,4063.18,4063.26,4058.6,4060,52.8623
20140609110200000,0,0,4062.97,4062.97,4060.23,4060.23,11.5036
20140609110300000,0,0,4062.49,4062.51,4060,4062.33,9.5969
20140609110400000,0,0,4062,4064.8,4061.9,4064.8,7.6589
20140609110500000,0,0,4065,4065,4061.03,4062.52,7.0695
20140609110600000,0,0,4061.07,4062.89,4061.07,4062.89,2.3306
20140609110700000,0,0,4062.51,4065,4062.51,4065,9.1271
20140609110800000,0,0,4065,4066.31,4064.03,4066,5.3101
20140609110900000,0,0,4065.98,4066,4062.4,4065,23.4848
20140609111000000,0,0,4064.96,4064.96,4062.68,4064.62,8.6631
20140609111100000,0,0,4064.56,4065.9,4062.91,4065.9,8.8516
20140609111200000,0,0,4065.03,4066.67,4065.02,4065.14,4.9023
20140609111300000,0,0,4064.64,4064.64,4064.43,4064.43,0.77
20140609111400000,0,0,4066.47,4066.47,4064.74,4064.74,1.4
20140609111500000,0,0,4065.93,4065.93,4065.93,4065.93,0.29
20140609111600000,0,0,4065.93,4066.02,4065.93,4066,1.4206
20140609111700000,0,0,4066,4067,4066,4067,3.3873
20140609111800000,0,0,4066.99,4067.02,4066.99,4067.02,5.0347
20140609111900000,0,0,4067.81,4067.81,4065.93,4065.93,3.3322
20140609112000000,0,0,4066.65,4066.65,4066.61,4066.61,1.6081
20140609112100000,0,0,4066.61,4066.63,4065.93,4066.63,1.1928
20140609112200000,0,0,4066.61,4067,4065.93,4067,3.2841
20140609112300000,0,0,4066.64,4067,4065.93,4066.99,4.0042
20140609112400000,0,0,4067,4067,4066.99,4067,0.4284
20140609112500000,0,0,4066.99,4067.99,4066.96,4067.99,3.4918
20140609112600000,0,0,4066.97,4066.97,4066.13,4066.13,1
20140609112700000,0,0,4067,4067,4067,4067,0.02
20140609112800000,0,0,4067,4067.96,4066.34,4067.87,21.4741
20140609112900000,0,0,4067,4068,4067,4068,3.5043
20140609113000000,0,0,4068.54,4068.55,4068,4068.55,11.5067
20140609113100000,0,0,4068.53,4068.53,4068.52,4068.52,4.8829
20140609113200000,0,0,4068.53,4068.55,4068.53,4068.55,4.3518
20140609113300000,0,0,4068.52,4068.52,4067.83,4067.83,1.1159
20140609113400000,0,0,4067.76,4068.02,4067.72,4068,14.6392
20140609113500000,0,0,4067.97,4069,4067.97,4068.99,13.2924
20140609113600000,0,0,4069.03,4069.03,4068.16,4068.16,13.7753
20140609113700000,0,0,4068.89,4068.89,4067.97,4068.87,5.2689
20140609113900000,0,0,4068.58,4068.58,4068.55,4068.55,1.516
20140609114000000,0,0,4068.03,4068.03,4068,4068,1.4921
20140609114100000,0,0,4066.34,4066.34,4066.34,4066.34,0.3819
20140609114200000,0,0,4067.48,4067.48,4067.46,4067.46,0.11
20140609114300000,0,0,4067.41,4068.26,4066.37,4068.26,7.8729
20140609114400000,0,0,4068.26,4068.26,4068.26,4068.26,0.7056
20140609114600000,0,0,4068.29,4068.29,4068.29,4068.29,0.1521
20140609114700000,0,0,4068.29,4068.29,4068.29,4068.29,0.112
20140609114800000,0,0,4067.36,4068.09,4064,4068.09,15.05
20140609114900000,0,0,4067.92,4068,4065.7,4065.7,3.5578
20140609115100000,0,0,4067.99,4070,4067.99,4069.51,42.7256
20140609115200000,0,0,4069.51,4069.9,4069,4069,12.3732
20140609115400000,0,0,4069,4069,4067.09,4067.09,0.5729
20140609115600000,0,0,4067.01,4068.5,4067.01,4068.5,5.0122
20140609115700000,0,0,4067.72,4068.48,4067,4068.39,5.541
20140609115800000,0,0,4068.36,4068.36,4068.36,4068.36,0.05
20140609115900000,0,0,4066.46,4066.46,4066.43,4066.43,0.431
20140609120000000,0,0,4065.5,4067.9,4065.5,4067.71,2.262
20140609120100000,0,0,4067.62,4067.62,4067.62,4067.62,0.05
20140609120200000,0,0,4066.1,4066.1,4065.54,4065.54,2.6934
20140609120300000,0,0,4067.41,4067.41,4067.41,4067.41,0.05
20140609120400000,0,0,4065.97,4066,4065.97,4066,3.1
20140609120500000,0,0,4065.99,4066,4065.99,4066,1.7279
20140609120700000,0,0,4066.33,4066.33,4066.33,4066.33,1
20140609120900000,0,0,4067.03,4068,4067.02,4068,3.518
20140609121000000,0,0,4068,4068,4067,4067.1,10.0785
20140609121100000,0,0,4067.1,4067.1,4066,4066,2.3653
20140609121200000,0,0,4066.98,4067,4066,4067,8.8218
20140609121300000,0,0,4066.03,4066.03,4065.52,4065.52,3.1502
20140609121400000,0,0,4066.02,4066.02,4065.04,4065.04,6.0724
20140609121500000,0,0,4065.04,4066,4065.04,4066,13.094
20140609121600000,0,0,4065.17,4066.02,4065,4066.02,14.2575
20140609121700000,0,0,4066.02,4066.02,4066.02,4066.02,0.53
20140609121800000,0,0,4066.02,4066.02,4065.17,4065.17,2.624
20140609121900000,0,0,4066.02,4066.02,4066.02,4066.02,3.7644
20140609122000000,0,0,4066.92,4066.92,4066.92,4066.92,2.3
20140609122100000,0,0,4066.92,4066.92,4066.92,4066.92,0.1
20140609122200000,0,0,4066.92,4066.92,4065.51,4065.7,3.8246
20140609122300000,0,0,4065.7,4066.91,4065.65,4065.65,6.3735
20140609122400000,0,0,4065.66,4066.9,4065.66,4066.9,0.526
20140609122500000,0,0,4065.65,4066.79,4064.01,4066.79,3.2143
20140609122600000,0,0,4064.91,4064.91,4064.08,4064.08,15.6146
20140609122700000,0,0,4064.08,4064.08,4060.3,4062.3,40.1593
20140609122800000,0,0,4063.9,4064.08,4062.39,4064.06,5.3474
20140609122900000,0,0,4063.1,4064.06,4062.9,4062.9,2.1816
20140609123000000,0,0,4063.92,4063.92,4060,4063.89,41.42
20140609123100000,0,0,4064,4064,4058,4062,78.3446
20140609123200000,0,0,4059.98,4060,4059,4060,8.4989
20140609123300000,0,0,4059.99,4060.17,4059.99,4060.17,8.644
20140609123400000,0,0,4061.76,4064.04,4061.76,4064,14.2981
20140609123500000,0,0,4063.03,4063.22,4063.03,4063.22,1.3918
20140609123600000,0,0,4063.26,4063.26,4063,4063,1.6033
20140609123700000,0,0,4063.19,4063.19,4063.19,4063.19,0.0276
20140609123900000,0,0,4063,4063.89,4062.88,4063.89,2.6596
20140609124000000,0,0,4062.07,4063.77,4062.06,4063.63,5.5411
20140609124100000,0,0,4063.03,4063.6,4062.09,4062.09,4.857
20140609124200000,0,0,4062.93,4063.98,4062.93,4063.98,0.1489
20140609124300000,0,0,4062.93,4062.93,4062.93,4062.93,0.4886
20140609124400000,0,0,4063.96,4067.99,4063.96,4064.44,24.3646
20140609124500000,0,0,4064.47,4066.96,4064.47,4064.71,5.0907
20140609124700000,0,0,4065.08,4065.37,4065.07,4065.3,11.2194
20140609124800000,0,0,4065.35,4066.67,4064.71,4064.71,6.2965
20140609124900000,0,0,4064.74,4065,4062.92,4062.92,4.0214
20140609125000000,0,0,4062.92,4062.92,4062.92,4062.92,4.266
20140609125100000,0,0,4064.31,4065,4063.01,4063.01,11.4738
20140609125200000,0,0,4063,4064.4,4062,4062.06,52.453
20140609125300000,0,0,4062.07,4063.92,4062.07,4063.8,6.3669
20140609125400000,0,0,4063.75,4063.78,4063.75,4063.78,1.7808
20140609125600000,0,0,4063,4063,4063,4063,0.0574
20140609125700000,0,0,4063,4063,4062.4,4062.4,6.4617
20140609125800000,0,0,4063.75,4066.99,4063.75,4066.99,27.7607
20140609125900000,0,0,4065.97,4065.98,4064.18,4065.86,3.0419
20140609130000000,0,0,4065.86,4070,4065.86,4067,58.334
20140609130100000,0,0,4067.48,4069.77,4067.03,4067.76,13.4765
20140609130200000,0,0,4068.93,4068.96,4068,4068.15,6.2926
20140609130300000,0,0,4068.4,4068.45,4068.4,4068.41,1.872
20140609130400000,0,0,4068.23,4068.23,4066.36,4068.13,9.276
20140609130500000,0,0,4068.13,4068.13,4066.5,4066.5,1.7984
20140609130600000,0,0,4067,4067,4066.56,4066.56,1.6274
20140609130700000,0,0,4066.6,4066.6,4066.1,4066.15,5.172
20140609130800000,0,0,4066.1,4066.1,4065.97,4066,9.8135
20140609130900000,0,0,4066.09,4066.13,4066.09,4066.13,4.9862
20140609131000000,0,0,4066.13,4066.13,4066.13,4066.13,0.683
20140609131300000,0,0,4066.1,4066.5,4066,4066.45,1.3751
20140609131400000,0,0,4066.37,4066.37,4065.4,4065.4,1.0264
20140609131500000,0,0,4065.37,4067,4065.04,4067,6.8571
20140609131600000,0,0,4066.03,4066.04,4066,4066,1.7641
20140609131700000,0,0,4065.97,4065.97,4065.15,4065.2,0.38
20140609131800000,0,0,4065.2,4065.2,4062.2,4063.1,18.5968
20140609131900000,0,0,4063.22,4063.22,4062,4062,76.6639
20140609132000000,0,0,4062,4062.07,4059.97,4060,87.1592
20140609132100000,0,0,4060,4062.07,4060,4060.03,6.998
20140609132200000,0,0,4060.03,4061.77,4058.01,4060.06,29.8657
20140609132300000,0,0,4058.04,4059.38,4058.04,4058.09,9.6424
20140609132400000,0,0,4059.93,4060,4058.09,4060,17.7778
20140609132500000,0,0,4060.07,4060.63,4060,4060.63,12.881
20140609132600000,0,0,4060,4064.96,4060,4064.96,4.816
20140609132800000,0,0,4061.31,4062,4061.31,4062,8.4879
20140609132900000,0,0,4062,4062,4060,4060,14.4587
20140609133000000,0,0,4060,4060,4058,4058,16.196
20140609133100000,0,0,4057.97,4058,4053.91,4055.98,55.4093
20140609133200000,0,0,4055.98,4055.98,4052,4054.15,83.9919
20140609133300000,0,0,4052.04,4054.09,4051.97,4053,33.2059
20140609133400000,0,0,4053.07,4058,4050,4058,202.8702
20140609133500000,0,0,4058,4058,4053.82,4055.99,34.0152
20140609133600000,0,0,4055.99,4055.99,4050.5,4051.53,75.0821
20140609133700000,0,0,4051,4053,4045.01,4045.01,244.2412
20140609133800000,0,0,4045.98,4048.32,4040.13,4044.73,156.7247
20140609133900000,0,0,4044.73,4047.93,4040,4043.04,114.1028
20140609134000000,0,0,4043.04,4043.09,4040,4041,76.5047
20140609134100000,0,0,4042.84,4046.04,4041.01,4046.04,63.4093
20140609134200000,0,0,4045.04,4045.04,4031,4031,125.6146
20140609134300000,0,0,4035,4038.22,4029.97,4030.11,155.2299
20140609134400000,0,0,4030.11,4033.13,4018,4018,500.5882
20140609134500000,0,0,4018,4020,4000,4013,775.3552
20140609134600000,0,0,4012.97,4017,4003.73,4013,107.9959
20140609134700000,0,0,4015.83,4022.5,4015.83,4022.5,215.3046
20140609134800000,0,0,4024.9,4028,4022.53,4023.19,92.1091
20140609134900000,0,0,4023.19,4026.03,4023.19,4025,92.0718
20140609135000000,0,0,4025.94,4028,4020,4026,209.6006
20140609135100000,0,0,4026.04,4026.04,4020.22,4024.87,22.0566
20140609135200000,0,0,4023.03,4029.97,4023.03,4028.87,33.7496
20140609135300000,0,0,4027.96,4038,4027.96,4038,132.4128
20140609135400000,0,0,4035.9,4038.66,4034.97,4035,92.7602
20140609135500000,0,0,4035,4038,4034.87,4038,25.9924
20140609135600000,0,0,4038,4038.25,4035,4037.91,57.7399
20140609135700000,0,0,4036.03,4036.03,4033,4034,42.787
20140609135800000,0,0,4033.14,4033.14,4028.04,4028.04,27.023
20140609135900000,0,0,4028.07,4033.12,4028,4029.92,40.208
20140609140000000,0,0,4029,4030,4025.99,4025.99,45.7555
20140609140100000,0,0,4025.99,4026.08,4024.9,4026.01,12.9371
20140609140200000,0,0,4026.01,4034,4026.01,4033.95,39.6954
20140609140300000,0,0,4030.07,4033,4030.07,4030.98,13.7085
20140609140400000,0,0,4031.98,4031.98,4027.03,4029.61,36.8973
20140609140500000,0,0,4029.61,4031.84,4029.61,4030,71.0314
20140609140600000,0,0,4031.81,4031.81,4029.84,4029.98,28.0983
20140609140700000,0,0,4029.99,4033,4029.84,4029.97,54.5926
20140609140800000,0,0,4029.97,4033.87,4029.97,4033,35.9169
20140609140900000,0,0,4033,4038.25,4030.72,4038.25,48.4987
20140609141000000,0,0,4038.25,4043.9,4037.9,4043.9,69.7577
20140609141100000,0,0,4043.87,4045,4039.13,4039.97,82.3827
20140609141200000,0,0,4039.97,4042.99,4039,4042.9,29.843
20140609141300000,0,0,4042.88,4043,4039.97,4042.82,100.4255
20140609141400000,0,0,4042,4043,4040,4042,79.3376
20140609141500000,0,0,4042,4042.99,4039.97,4041.19,73.1778
20140609141600000,0,0,4042.87,4045,4041.23,4044.97,57.0814
20140609141700000,0,0,4044.91,4045,4043.11,4043.25,66.2872
20140609141800000,0,0,4043.25,4043.25,4040.12,4041.97,38.2723
20140609141900000,0,0,4041.94,4043.2,4039.97,4040.91,31.6712
20140609142000000,0,0,4040.91,4043.2,4040.91,4042.87,3.6932
20140609142100000,0,0,4042.87,4045.23,4041.16,4045.23,34.9677
20140609142200000,0,0,4046,4050.03,4045.32,4047.02,196.6654
20140609142300000,0,0,4049.9,4049.9,4045.23,4045.23,25.4456
20140609142400000,0,0,4044.97,4045,4043.09,4043.1,16.2982
20140609142500000,0,0,4044,4046.98,4044,4046.9,24.9455
20140609142600000,0,0,4046.9,4048,4046.9,4048,2.1746
20140609142700000,0,0,4048,4048.02,4045,4045,26.7438
20140609142800000,0,0,4046,4046.87,4044.98,4046.81,21.972
20140609142900000,0,0,4046.78,4046.78,4045.2,4046.75,2.3064
20140609143000000,0,0,4046,4046,4045.35,4045.44,2.1795
20140609143100000,0,0,4045.68,4046,4044.11,4045.82,11.3979
20140609143200000,0,0,4045.92,4046,4045.92,4045.95,1.4578
20140609143300000,0,0,4044.92,4045.86,4044.3,4044.39,3.7654
20140609143400000,0,0,4044.35,4044.35,4043.53,4044.02,39.5381
20140609143500000,0,0,4044.34,4046,4044.34,4046,6.7261
20140609143600000,0,0,4046.9,4048.08,4045.97,4045.97,28.3285
20140609143700000,0,0,4046.08,4046.12,4044.97,4045.13,11.3585
20140609143800000,0,0,4045.12,4045.12,4044.01,4044.01,53.7257
20140609143900000,0,0,4044.02,4046,4044.02,4045.32,28.9783
20140609144000000,0,0,4045.35,4047.77,4045.2,4045.2,16.0737
20140609144100000,0,0,4045.21,4045.61,4041.13,4041.96,45.3384
20140609144200000,0,0,4041.93,4042,4037,4037,24.2405
20140609144300000,0,0,4039.85,4040,4039.82,4039.86,28.9585
20140609144400000,0,0,4039.86,4039.86,4037.25,4039.65,15.6271
20140609144500000,0,0,4039.65,4042.99,4039.65,4041.97,20.8498
20140609144600000,0,0,4040.35,4041.91,4039.65,4040.99,9.7256
20140609144700000,0,0,4040.99,4041,4040.02,4040.02,9.4403
20140609144800000,0,0,4040.03,4040.03,4040,4040,14.6178
20140609144900000,0,0,4040,4040,4036,4036,35.4008
20140609145000000,0,0,4039.85,4040,4036.07,4040,24.4618
20140609145100000,0,0,4039.8,4040,4039.06,4040,10.0893
20140609145200000,0,0,4040.02,4040.02,4037.98,4039.02,23.1162
20140609145300000,0,0,4040.02,4040.02,4038,4039,16.1183
20140609145400000,0,0,4039,4039,4039,4039,3.5946
20140609145500000,0,0,4040.03,4042,4039,4042,7.1465
20140609145600000,0,0,4041.33,4045,4041.33,4043.07,22.0693
20140609145700000,0,0,4043.1,4045,4043.1,4045,25.6402
20140609145800000,0,0,4045,4046,4045,4046,17.6227
20140609145900000,0,0,4046,4047,4045.05,4047,51.892
20140609150000000,0,0,4046.88,4048,4040,4047.74,38.7707
20140609150100000,0,0,4045,4045,4045,4045,0.04
20140609150200000,0,0,4044.88,4047.47,4043.39,4043.39,9.8196
20140609150300000,0,0,4043.4,4043.97,4043.4,4043.44,2.1259
20140609150400000,0,0,4043.48,4044.97,4043.48,4043.51,1.2907
20140609150500000,0,0,4044.97,4045.06,4044.97,4045.06,2.4815
20140609150600000,0,0,4045.09,4045.09,4039.97,4045,61.8315
20140609150700000,0,0,4043,4043.7,4043,4043.09,1.4431
20140609150800000,0,0,4040.6,4042.94,4040.6,4042.94,1.1015
20140609150900000,0,0,4040.75,4041.03,4040.75,4041.03,4.9176
20140609151000000,0,0,4041.03,4042.49,4041.03,4041.21,4.203
20140609151100000,0,0,4041.97,4043,4040,4040,28.8327
20140609151200000,0,0,4040.01,4040.01,4038.36,4040,65.4073
20140609151300000,0,0,4039.98,4040,4039.88,4040,20.6885
20140609151400000,0,0,4040,4040.18,4039.86,4039.95,23.3627
20140609151500000,0,0,4039,4039,4039,4039,0.7454
20140609151600000,0,0,4039.62,4040.09,4039,4039,15.9692
20140609151700000,0,0,4038.86,4038.86,4037.04,4038.77,6.9471
20140609151800000,0,0,4038.97,4039,4037.01,4038.87,21.2674
20140609151900000,0,0,4038.65,4038.65,4037.42,4037.47,2.2778
20140609152000000,0,0,4038.02,4039,4038.01,4038.05,2.462
20140609152100000,0,0,4039,4039,4037.14,4037.14,11.6327
20140609152200000,0,0,4037.14,4037.14,4035.67,4035.67,3.9473
20140609152300000,0,0,4035.64,4035.64,4020,4028,127.4202
20140609152400000,0,0,4027.97,4027.97,4020.1,4023,47.6494
20140609152500000,0,0,4023,4026,4022.9,4025.17,43.0803
20140609152600000,0,0,4025.15,4025.17,4015.45,4022.2,146.3131
20140609152700000,0,0,4022.2,4028.88,4022.18,4027.9,49.7981
20140609152800000,0,0,4027.9,4029.8,4027.85,4027.85,19.0747
20140609152900000,0,0,4027.85,4027.85,4022.09,4022.09,70.3193
20140609153000000,0,0,4022.04,4025,4020,4025,28.0098
20140609153100000,0,0,4025,4030,4025,4027.95,40.3928
20140609153200000,0,0,4027.95,4028,4025.99,4025.99,28.9884
20140609153300000,0,0,4025.99,4026.93,4025,4026,6.0833
20140609153400000,0,0,4026,4027.8,4022.51,4024.95,19.2949
20140609153500000,0,0,4024.95,4030,4024.92,4030,14.7825
20140609153600000,0,0,4033,4033,4030,4030,15.459
20140609153700000,0,0,4029.92,4031,4029,4029,13.2298
20140609153800000,0,0,4028.92,4028.92,4027.09,4028.82,8.8861
20140609153900000,0,0,4028.82,4029,4028.82,4029,3.2905
20140609154000000,0,0,4029.5,4029.88,4028.82,4029.87,0.1811
20140609154100000,0,0,4029.8,4029.8,4029,4029.69,8
20140609154200000,0,0,4029.69,4030.99,4029.69,4030,11.0141
20140609154300000,0,0,4030,4030,4029.02,4030,9.17
20140609154400000,0,0,4030,4030,4029,4029.98,10.2697
20140609154500000,0,0,4030,4030,4028.92,4028.92,13.0447
20140609154600000,0,0,4028.92,4029.78,4028.28,4029.78,7.9237
20140609154700000,0,0,4028.82,4029.78,4025.21,4027.78,8.7023
20140609154800000,0,0,4027.75,4027.75,4024.95,4026.97,38.1724
20140609154900000,0,0,4026.97,4027.73,4020.05,4023.91,52.6362
20140609155000000,0,0,4023.55,4023.91,4010.05,4019.88,115.9489
20140609155100000,0,0,4019,4020.04,4018.06,4020.04,53.7138
20140609155200000,0,0,4020.04,4023.99,4020.04,4023.01,23.8872
20140609155300000,0,0,4023.97,4026.63,4023.01,4025.63,43.8448
20140609155400000,0,0,4025.63,4025.63,4023,4023,14.7171
20140609155500000,0,0,4021,4025,4021,4025,35.9239
20140609155600000,0,0,4025.03,4026.66,4025,4026,235.412
20140609155700000,0,0,4026,4026.63,4025,4025,19.092
20140609155800000,0,0,4027.72,4027.72,4026.03,4026.97,1.603
20140609155900000,0,0,4026.97,4026.97,4024.76,4024.76,8.1733
20140609160000000,0,0,4024.7,4026.9,4024.67,4025.9,15.4378
20140609160100000,0,0,4025.87,4025.9,4023,4025.49,25.1623
20140609160200000,0,0,4025.49,4025.49,4023.33,4023.61,2.1612
20140609160300000,0,0,4023.67,4024.02,4022.51,4022.51,15.4857
20140609160400000,0,0,4022.51,4022.51,4021.01,4022.26,7.7855
20140609160500000,0,0,4021.01,4022.28,4020.2,4020.51,4.5372
20140609160600000,0,0,4020.69,4020.69,4016.01,4016.01,40.4815
20140609160700000,0,0,4016.94,4016.98,4011.22,4013,90.0627
20140609160800000,0,0,4013.03,4013.03,4011.01,4012.98,44.5458
20140609160900000,0,0,4012.98,4018.92,4012.98,4017.89,26.8311
20140609161000000,0,0,4017.89,4020,4015.11,4016.24,51.5805
20140609161100000,0,0,4019.88,4020.48,4016.39,4016.4,34.0836
20140609161200000,0,0,4016.01,4016.01,4002.91,4006.54,182.6524
20140609161300000,0,0,4006.54,4013.99,4005,4006,53.2064
20140609161400000,0,0,4006,4017.87,4006,4010,92.3842
20140609161500000,0,0,4013.95,4014.15,4008.03,4010,42.3621
20140609161600000,0,0,4009.94,4012.03,4008.16,4012.03,28.7943
20140609161700000,0,0,4012.03,4014.22,4011,4013.98,35.8697
20140609161800000,0,0,4013.98,4014,4010.01,4010.01,16.3452
20140609161900000,0,0,4010.01,4015,4010,4011.74,39.7756
20140609162000000,0,0,4012,4016.5,4012,4016.5,27.5888
20140609162100000,0,0,4015,4016.5,4012.24,4016.5,6.7062
20140609162200000,0,0,4016.63,4016.99,4015.02,4016.99,11.2157
20140609162300000,0,0,4016.99,4019.8,4016.99,4019.8,31.7644
20140609162400000,0,0,4019,4025,4018,4021.08,17.9962
20140609162500000,0,0,4019.5,4022.98,4018.12,4022,22.3993
20140609162600000,0,0,4022,4026,4022,4022.11,29.5092
20140609162700000,0,0,4023.88,4023.88,4017,4017,16.1723
20140609162800000,0,0,4019.85,4021.01,4017.03,4017.13,19.4155
20140609162900000,0,0,4019.77,4019.77,4017.19,4018.95,13.4767
20140609163000000,0,0,4018.95,4023.03,4018.95,4023.03,8.0153
20140609163100000,0,0,4023.03,4028,4023,4027.71,55.4488
20140609163200000,0,0,4028,4028.84,4025,4025,30.1046
20140609163300000,0,0,4024.86,4024.86,4020.02,4023,35.6356
20140609163400000,0,0,4023,4025,4023,4024,23.2481
20140609163500000,0,0,4024,4027,4023.88,4026,233.2107
20140609163600000,0,0,4026,4026,4022,4022.04,42.0623
20140609163700000,0,0,4023.97,4023.97,4022.01,4022.04,2.2885
20140609163800000,0,0,4022.04,4022.04,4020.03,4020.06,2.8945
20140609163900000,0,0,4020.06,4020.06,4017.97,4020,40.1174
20140609164000000,0,0,4020,4025.99,4020,4024.15,9.999
20140609164100000,0,0,4025.93,4026,4023.85,4023.85,12.0376
20140609164200000,0,0,4023.85,4026,4022.13,4026,25.7138
20140609164300000,0,0,4026,4026,4025.49,4026,7.0256
20140609164400000,0,0,4026.66,4026.97,4023,4025.18,12.1571
20140609164500000,0,0,4025,4025.16,4025,4025.04,0.472
20140609164600000,0,0,4023.19,4024.93,4023,4024,13.1987
20140609164700000,0,0,4024,4025,4023.06,4025,11.8318
20140609164800000,0,0,4024.07,4026.2,4024,4024,26.6659
20140609164900000,0,0,4024.03,4026.95,4023,4026.2,16.9677
20140609165000000,0,0,4026,4026.2,4023.09,4026.2,9.5202
20140609165100000,0,0,4026,4026,4026,4026,3.8412
20140609165200000,0,0,4026,4028,4025.99,4026.2,7.1484
20140609165300000,0,0,4027.97,4028,4027.85,4027.98,12.1059
20140609165400000,0,0,4028.57,4031,4028.57,4031,71.001
20140609165500000,0,0,4031.11,4039,4031.11,4039,201.0439
20140609165600000,0,0,4038.97,4038.97,4032.61,4032.61,54.5696
20140609165700000,0,0,4032.46,4035,4030.06,4035,14.7556
20140609165800000,0,0,4035,4036,4034.03,4035.97,13.8066
20140609165900000,0,0,4035.97,4035.97,4032.03,4033.66,14.2888
20140609170000000,0,0,4033.66,4034.04,4032,4032.14,11.4378
20140609170100000,0,0,4032.04,4037.49,4032.01,4037.49,26.9109
20140609170200000,0,0,4035.03,4037.5,4035,4037.5,12.4759
20140609170300000,0,0,4036,4038.55,4036,4038.02,9.8531
20140609170400000,0,0,4038.02,4038.02,4036.95,4037.5,11.4715
20140609170500000,0,0,4036.87,4036.97,4034.97,4034.97,34.1775
20140609170600000,0,0,4034.49,4035,4030.17,4035,72.3078
20140609170700000,0,0,4035.03,4035.08,4030.2,4033.94,16.4727
20140609170800000,0,0,4034,4038,4033.91,4038,24.2532
20140609170900000,0,0,4035.21,4038.58,4034.94,4034.94,31.1119
20140609171000000,0,0,4034.88,4036.57,4034.88,4036.53,5.7986
20140609171100000,0,0,4036.55,4038.54,4035.97,4036.03,15.751
20140609171200000,0,0,4036.03,4036.82,4034.02,4036.82,11.897
20140609171300000,0,0,4035.97,4036,4029.94,4029.97,94.1671
20140609171400000,0,0,4029.97,4030.02,4027.52,4030,15.8898
20140609171500000,0,0,4033,4033.05,4030.29,4031.72,22.1096
20140609171600000,0,0,4031.8,4031.8,4030.32,4030.32,5.961
20140609171700000,0,0,4031.76,4031.78,4031.76,4031.78,3.335
20140609171800000,0,0,4031.1,4032,4031.1,4032,2.5003
20140609171900000,0,0,4033,4033,4031,4031,2.5932
20140609172000000,0,0,4032,4032.95,4030.1,4030.1,38.223
20140609172100000,0,0,4030.1,4031.91,4030,4031.78,6.1637
20140609172200000,0,0,4031.78,4033.1,4031.78,4033.1,28.7167
20140609172300000,0,0,4034.93,4035.99,4034.93,4035,15.7149
20140609172400000,0,0,4035,4037,4033.08,4033.08,49.931
20140609172500000,0,0,4033.77,4036.98,4032.12,4034.67,16.6993
20140609172600000,0,0,4033.47,4033.98,4032.16,4032.16,1.3229
20140609172700000,0,0,4032.16,4032.16,4031,4031,2.1733
20140609172800000,0,0,4031,4033.17,4031,4033.17,6.3912
20140609172900000,0,0,4032,4032.16,4031.99,4032.16,0.5666
20140609173000000,0,0,4031.23,4031.23,4031.23,4031.23,1.053
20140609173100000,0,0,4031.07,4031.07,4030,4030,3.5797
20140609173200000,0,0,4030,4030,4029.89,4029.89,14.9755
20140609173300000,0,0,4026.2,4028.57,4026.2,4028.57,7.7622
20140609173400000,0,0,4028.53,4033.52,4028.5,4030,5.5744
20140609173500000,0,0,4032.6,4032.6,4030.47,4030.59,0.854
20140609173600000,0,0,4030.56,4032.13,4030,4030.58,12.0101
20140609173700000,0,0,4031.54,4032,4030.58,4032,2.8144
20140609173800000,0,0,4032,4033.4,4030.59,4033.4,15.5791
20140609173900000,0,0,4033.4,4034.39,4032.57,4034.3,3.3027
20140609174000000,0,0,4034.27,4034.27,4032.71,4033.9,0.9819
20140609174100000,0,0,4031.23,4033.99,4031.13,4033.96,4.6368
20140609174200000,0,0,4033.88,4033.96,4032.13,4033.43,4.7736
20140609174300000,0,0,4033.39,4033.48,4033.31,4033.48,1.3212
20140609174400000,0,0,4033.48,4033.58,4033.48,4033.5,2.0636
20140609174500000,0,0,4033.58,4033.58,4033.13,4033.13,9.5274
20140609174600000,0,0,4033.13,4037,4033.13,4036.9,43.3208
20140609174700000,0,0,4036.9,4039,4036.9,4038.99,41.4388
20140609174800000,0,0,4038.99,4039.99,4038,4038.01,24.2418
20140609174900000,0,0,4038,4038,4037.05,4037.99,1.708
20140609175000000,0,0,4037.07,4038,4037.07,4037.07,9.995
20140609175100000,0,0,4037.96,4037.96,4037.07,4037.07,4.835
20140609175200000,0,0,4037.97,4040,4037.09,4040,162.9721
20140609175300000,0,0,4040.01,4042.5,4040.01,4040.09,24.0807
20140609175400000,0,0,4040.09,4041,4040.09,4041,1.4626
20140609175500000,0,0,4040,4042,4040,4041.97,32.0784
20140609175600000,0,0,4041,4045,4040,4043.97,102.4314
20140609175700000,0,0,4043.95,4043.95,4042.91,4042.91,1.2423
20140609175800000,0,0,4041.43,4041.43,4040.01,4040.04,34.9856
20140609175900000,0,0,4041.03,4042.95,4041.03,4041.18,0.9417
20140609180000000,0,0,4041.2,4041.97,4040,4040,35.7345
20140609180100000,0,0,4040.57,4041,4038.05,4038.87,24.7827
20140609180200000,0,0,4038.05,4040,4036,4039.63,4.0268
20140609180300000,0,0,4038.72,4041,4038.72,4041,12.2904
20140609180400000,0,0,4042,4045,4041.54,4044.02,41.626
20140609180500000,0,0,4044.02,4047,4044,4046.66,53.7636
20140609180600000,0,0,4047,4049,4046.66,4047.97,22.0958
20140609180700000,0,0,4046.9,4046.97,4045.62,4045.62,6.1172
20140609180800000,0,0,4045.62,4048,4045.62,4047,18.7712
20140609180900000,0,0,4047,4049,4046.9,4049,24.2994
20140609181100000,0,0,4048.02,4049,4048,4049,19.2686
20140609181200000,0,0,4049,4049,4049,4049,6.5459
20140609181300000,0,0,4048.03,4048.03,4046,4046.98,24.6496
20140609181400000,0,0,4047.1,4047.1,4043.24,4043.24,24.477
20140609181500000,0,0,4046.79,4046.8,4043.47,4045,11.612
20140609181600000,0,0,4046.01,4046.87,4045,4045,18.3991
20140609181700000,0,0,4043.5,4043.5,4040,4040,26.4908
20140609181800000,0,0,4042.8,4042.8,4038.22,4038.22,6.7333
20140609181900000,0,0,4041.38,4041.38,4038.1,4038.36,4.037
20140609182000000,0,0,4038.3,4040.77,4038.3,4039,11.7509
20140609182100000,0,0,4040.72,4041.65,4039.03,4041.65,2.5348
20140609182200000,0,0,4041.4,4042,4041.4,4042,7.7614
20140609182300000,0,0,4041.99,4041.99,4039.43,4039.43,3.3181
20140609182400000,0,0,4039.46,4040.06,4039.41,4040,6.2908
20140609182500000,0,0,4039.95,4040,4039.93,4040,7.1093
20140609182600000,0,0,4039.9,4041,4039.9,4041,13.6912
20140609182700000,0,0,4042,4042,4041.52,4041.52,4.8103
20140609182800000,0,0,4041.4,4041.4,4040,4040,9.6949
20140609182900000,0,0,4040.01,4040.34,4040,4040.34,9.5984
20140609183000000,0,0,4040.34,4040.35,4040,4040,9.1474
20140609183100000,0,0,4040,4040,4039.12,4040,6.02
20140609183200000,0,0,4040.97,4041,4040.01,4040.49,11.2414
20140609183300000,0,0,4040.49,4040.49,4040.03,4040.03,8.7012
20140609183400000,0,0,4040,4040,4038.99,4039.98,5.077
20140609183500000,0,0,4039.98,4039.98,4039.58,4039.92,1.0897
20140609183600000,0,0,4038.58,4040,4038.58,4038.7,2.0652
20140609183700000,0,0,4040,4040,4040,4040,0.189
20140609183800000,0,0,4039.57,4039.57,4039.14,4039.5,1.9194
20140609183900000,0,0,4039.5,4040,4039.5,4040,0.6027
20140609184000000,0,0,4040.46,4040.9,4040.46,4040.5,5.2538
20140609184100000,0,0,4040.7,4040.8,4040.5,4040.8,0.215
20140609184200000,0,0,4040.7,4040.7,4040.7,4040.7,0.1
20140609184300000,0,0,4040.7,4042.5,4040.7,4042.5,2.3911
20140609184400000,0,0,4041.34,4041.34,4041.34,4041.34,0.68
20140609184500000,0,0,4041.39,4042.89,4039.09,4042.89,60.219
20140609184600000,0,0,4040.66,4040.66,4039.49,4040.66,7.2947
20140609184700000,0,0,4039.62,4040,4039.15,4039.15,3.2947
20140609184800000,0,0,4040,4040,4039.15,4039.15,1.0087
20140609184900000,0,0,4039.15,4039.15,4039.15,4039.15,12.0317
20140609185000000,0,0,4039.94,4039.94,4038,4039.84,32.4608
20140609185100000,0,0,4037.47,4039.8,4037.47,4039.28,0.301
20140609185200000,0,0,4039.28,4039.75,4038,4038.98,0.82
20140609185300000,0,0,4038.98,4038.98,4037,4037,6.4175
20140609185400000,0,0,4038.85,4039.98,4038.85,4039.98,25.6968
20140609185500000,0,0,4039.24,4040,4039.24,4039.39,19.4765
20140609185600000,0,0,4040,4040,4037.43,4039,15.8285
20140609185700000,0,0,4039.98,4040,4038.33,4039.97,10.3784
20140609185800000,0,0,4038.36,4039,4035.5,4035.54,56.5492
20140609185900000,0,0,4037,4037.74,4035.58,4037.7,17.6884
20140609190000000,0,0,4036.78,4037.49,4036.78,4037.49,0.6117
20140609190100000,0,0,4037.49,4037.49,4037.08,4037.26,5.2718
20140609190200000,0,0,4037.49,4038.97,4036.88,4038.94,5.9278
20140609190300000,0,0,4038.94,4039,4038.13,4038.6,4.8719
20140609190400000,0,0,4038.6,4038.6,4037.29,4037.31,1.2977
20140609190500000,0,0,4037,4037,4035,4035,7.7502
20140609190600000,0,0,4035.49,4036,4035.01,4035.02,12.5167
20140609190700000,0,0,4035.02,4036.4,4035.02,4036.39,12.4917
20140609190900000,0,0,4036.66,4036.66,4036.63,4036.63,11.8471
20140609191000000,0,0,4037.19,4037.19,4036.71,4036.71,0.4019
20140609191100000,0,0,4036.71,4037.41,4036.71,4037.41,3.108
20140609191200000,0,0,4037.71,4038.29,4037.71,4038.28,3.5638
20140609191300000,0,0,4038.28,4038.29,4038.28,4038.29,6.3979
20140609191400000,0,0,4038.29,4039,4038.29,4039,4.6424
20140609191500000,0,0,4038.61,4039.9,4038.61,4039.9,4.03
20140609191600000,0,0,4038.48,4040,4038.47,4040,26.9234
20140609191700000,0,0,4040.63,4040.66,4040.63,4040.66,1.3204
20140609191800000,0,0,4040.69,4041,4040.69,4041,0.55
20140609191900000,0,0,4041,4041,4041,4041,0.6
20140609192000000,0,0,4042,4042,4042,4042,4.8645
20140609192100000,0,0,4041.98,4041.98,4040,4040.01,12.4247
20140609192200000,0,0,4038.47,4038.55,4038.37,4038.55,3.9301
20140609192300000,0,0,4038.56,4038.56,4038.55,4038.55,0.3142
20140609192400000,0,0,4038.55,4038.64,4038.55,4038.55,0.8436
20140609192500000,0,0,4039.47,4039.8,4039.47,4039.8,23.6527
20140609192600000,0,0,4040,4041.12,4040,4041.12,9.5346
20140609192700000,0,0,4041.12,4043.14,4041.12,4043.14,148.4251
20140609192800000,0,0,4043.14,4045,4043.14,4045,25.752
20140609192900000,0,0,4045.02,4045.02,4043.1,4043.1,42.3129
20140609193000000,0,0,4042.04,4043.13,4041.3,4041.3,24.9097
20140609193100000,0,0,4041.4,4041.4,4041,4041,9.4433
20140609193200000,0,0,4040.22,4040.22,4039,4040,29.6044
20140609193300000,0,0,4039.99,4040.22,4039.8,4040.22,29.6519
20140609193400000,0,0,4040.22,4040.22,4038.66,4038.66,0.4038
20140609193500000,0,0,4038.66,4040.06,4038.66,4040,8.2688
20140609193600000,0,0,4040,4040,4040,4040,0.2185
20140609193700000,0,0,4040.46,4040.46,4035.27,4038.77,5.6922
20140609193800000,0,0,4038.77,4041,4038.42,4041,9.5321
20140609193900000,0,0,4041,4043.5,4041,4043,17.2333
20140609194100000,0,0,4043.75,4044.4,4042.95,4042.97,35.0727
20140609194200000,0,0,4041.03,4041.14,4041.03,4041.14,1.1289
20140609194300000,0,0,4042.45,4043.86,4041.22,4043.86,9.6835
20140609194400000,0,0,4043.81,4044.4,4043.24,4044.4,7.2132
20140609194500000,0,0,4044.5,4044.5,4044.5,4044.5,1.071
20140609194600000,0,0,4044.4,4047.74,4044.4,4047.74,19.9359
20140609194700000,0,0,4045.55,4048.13,4044.96,4044.96,31.1179
20140609194800000,0,0,4047,4048,4046.95,4046.95,14.7426
20140609194900000,0,0,4047.86,4047.94,4047.86,4047.86,7.3063
20140609195000000,0,0,4047.6,4047.6,4047.6,4047.6,0.2727
20140609195100000,0,0,4047,4047.89,4046.08,4047.87,26.6066
20140609195200000,0,0,4046.33,4046.97,4046.32,4046.97,2.4713
20140609195300000,0,0,4046.87,4048.8,4046.34,4046.44,24.1869
20140609195400000,0,0,4046.44,4046.62,4046,4046,3.4895
20140609195500000,0,0,4046,4048,4044.97,4044.99,6.4594
20140609195600000,0,0,4046.44,4048,4045.3,4045.3,19.4885
20140609195700000,0,0,4047.95,4047.95,4045.34,4047,2.3239
20140609195800000,0,0,4047,4047.04,4046,4046.04,31.6988
20140609195900000,0,0,4046.03,4048.65,4046.02,4046.63,2.6909
20140609200000000,0,0,4048.62,4048.68,4046.69,4047,8.8362
20140609200100000,0,0,4047.97,4048.5,4047.02,4048.5,5.3312
20140609200200000,0,0,4047.08,4048.7,4047.08,4047.08,3.4302
20140609200300000,0,0,4047.29,4047.49,4046,4046,14.3089
20140609200400000,0,0,4046,4046,4043.47,4044.02,7.6238
20140609200500000,0,0,4044,4044,4044,4044,1.8
20140609200600000,0,0,4043.8,4044.1,4043.8,4044.1,7.983
20140609200700000,0,0,4044.95,4045.09,4044.95,4045.09,0.262
20140609200800000,0,0,4046.69,4046.69,4045.52,4045.52,0.3
20140609200900000,0,0,4045.52,4046.21,4045.5,4045.5,9.341
20140609201000000,0,0,4045.51,4045.51,4045.51,4045.51,0.02
20140609201100000,0,0,4046.92,4047.9,4046,4047.9,2.3094
20140609201200000,0,0,4047,4047.1,4047,4047,0.85
20140609201300000,0,0,4046.08,4048.02,4046.08,4048.02,13.2306
20140609201400000,0,0,4048.02,4050.55,4048.02,4050,59.5091
20140609201500000,0,0,4049.96,4050.08,4048.35,4049.21,6.1433
20140609201600000,0,0,4049.22,4050,4047.47,4050,22.1245
20140609201700000,0,0,4050,4050,4046.35,4046.35,22.255
20140609201800000,0,0,4047.22,4047.25,4047.22,4047.22,0.803
20140609201900000,0,0,4047.7,4050,4047.7,4050,12.1015
20140609202000000,0,0,4050.1,4050.1,4048.03,4048.24,11.7577
20140609202100000,0,0,4048.96,4050.03,4048.3,4048.3,31.1482
20140609202200000,0,0,4048.3,4049.53,4048.3,4048.3,7.6535
20140609202300000,0,0,4048.16,4049.99,4047.98,4049.99,35.4789
20140609202400000,0,0,4048.27,4050,4048.11,4048.11,15.188
20140609202500000,0,0,4048.14,4049.99,4048.14,4048.29,25.4665
20140609202600000,0,0,4048.29,4048.29,4048.01,4048.01,12.5744
20140609202700000,0,0,4048,4048.1,4047.22,4047.7,27.8669
20140609202800000,0,0,4047.7,4048.3,4047.7,4048.3,1.2109
20140609202900000,0,0,4048.31,4048.8,4048,4048,8.9156
20140609203000000,0,0,4048.5,4048.5,4048,4048,0.012
20140609203100000,0,0,4048,4049,4047.5,4049,18.4392
20140609203200000,0,0,4049.51,4050,4048,4048.08,25.1562
20140609203300000,0,0,4048.07,4049,4048.07,4049,2.1736
20140609203400000,0,0,4049.09,4049.1,4049,4049,5.6987
20140609203500000,0,0,4049.84,4050,4049,4049,10.122
20140609203600000,0,0,4049,4050.01,4048.09,4050,21.602
20140609203700000,0,0,4050.02,4052.02,4050.01,4052.02,16.1811
20140609203800000,0,0,4052.02,4055,4052.02,4054,39.6261
20140609203900000,0,0,4053.99,4053.99,4053,4053.1,11.9364
20140609204000000,0,0,4053.1,4054,4053.1,4054,13.612
20140609204100000,0,0,4054.99,4057.29,4053,4055.17,53.0041
20140609204200000,0,0,4055.18,4057,4054.99,4055,22.7688
20140609204300000,0,0,4055.25,4056.8,4055.25,4056.8,2.7318
20140609204400000,0,0,4056.8,4056.83,4055.3,4056.79,9.3705
20140609204500000,0,0,4056.79,4058.48,4053.7,4055.09,60.774
20140609204600000,0,0,4055.12,4060.18,4055.12,4057,66.1504
20140609204700000,0,0,4056.97,4060.9,4056.97,4060.9,32.1234
20140609204800000,0,0,4060.9,4063,4060.9,4061.03,82.5227
20140609204900000,0,0,4061.03,4062.99,4060.18,4060.21,53.4062
20140609205000000,0,0,4061.21,4062.5,4060,4060,56.359
20140609205100000,0,0,4060,4060.02,4059,4059.6,47.5145
20140609205200000,0,0,4059.6,4059.6,4056.03,4058,20.2087
20140609205300000,0,0,4057,4058,4056.5,4058,43.1989
20140609205400000,0,0,4057,4057,4056.99,4057,2.0428
20140609205500000,0,0,4057.02,4058,4057,4057.96,15.3253
20140609205600000,0,0,4057.1,4060,4057.1,4059,43.1807
20140609205700000,0,0,4059,4059.43,4058.03,4058.03,7.1705
20140609205800000,0,0,4058.03,4059.5,4058,4058.97,13.8065
20140609205900000,0,0,4058.97,4058.98,4057.1,4057.1,7.8937
20140609210000000,0,0,4056.5,4056.5,4055.5,4055.5,4.5114
20140609210100000,0,0,4056,4056.23,4055.5,4055.5,31.3663
20140609210200000,0,0,4055.5,4055.5,4055,4055,2.0463
20140609210300000,0,0,4055.5,4056.5,4054,4056.5,34.1861
20140609210400000,0,0,4056.53,4059,4054,4054.23,60.2615
20140609210500000,0,0,4054.23,4057,4054.07,4057,8.5342
20140609210600000,0,0,4055.1,4055.1,4054,4055,18.2016
20140609210700000,0,0,4055,4055.03,4055,4055.03,1.8051
20140609210800000,0,0,4055.03,4055.03,4054.12,4055,1.5806
20140609210900000,0,0,4055,4055,4054.1,4055,9.9261
20140609211000000,0,0,4054.1,4054.98,4053.97,4054.31,9.178
20140609211100000,0,0,4054.46,4055,4054.41,4055,7.7339
20140609211200000,0,0,4055.01,4055.01,4052.5,4053,4.7001
20140609211300000,0,0,4052.97,4053.03,4052.75,4053,1.2116
20140609211400000,0,0,4052.53,4052.53,4052,4052,25.8803
20140609211500000,0,0,4051.13,4052,4051.11,4052,22.5219
20140609211600000,0,0,4052.05,4054.78,4052.05,4054,4.1091
20140609211700000,0,0,4054,4055.21,4053.53,4055.21,23.5737
20140609211800000,0,0,4056.93,4056.96,4055.03,4055.13,8.2894
20140609211900000,0,0,4055.77,4055.77,4055.77,4055.77,1.323
20140609212000000,0,0,4055.78,4056.99,4055.76,4055.76,25.5633
20140609212100000,0,0,4055.76,4055.99,4055.76,4055.99,0.7349
20140609212200000,0,0,4055.99,4060.03,4055.99,4060.03,26.7492
20140609212300000,0,0,4060.03,4062.41,4058.94,4058.94,56.1085
20140609212400000,0,0,4059.94,4063.12,4059.94,4060.1,34.8461
20140609212500000,0,0,4062.05,4062.05,4059.94,4059.94,4.2094
20140609212600000,0,0,4060.07,4060.07,4059,4059,3.7492
20140609212700000,0,0,4059,4061.5,4059,4061.5,9.089
20140609212800000,0,0,4061.5,4061.5,4059.24,4059.31,1.9111
20140609212900000,0,0,4059.34,4061.27,4059.34,4060,2.0189
20140609213000000,0,0,4060.9,4060.98,4059.43,4060.43,10.0169
20140609213100000,0,0,4059,4059,4058,4058,15.9193
20140609213200000,0,0,4057.54,4057.54,4056.99,4056.99,3.9186
20140609213300000,0,0,4056.99,4057.54,4055,4056.5,14.0137
20140609213400000,0,0,4056.14,4056.14,4056.14,4056.14,1.9654
20140609213500000,0,0,4057,4057,4056.14,4056.14,3.9613
20140609213600000,0,0,4056.4,4058.02,4056.4,4056.43,11.3168
20140609213700000,0,0,4056.48,4056.48,4056,4056,7.6683
20140609213800000,0,0,4055.72,4055.72,4055.01,4055.01,0.7856
20140609213900000,0,0,4054.98,4055.99,4054.98,4055.01,5.0621
20140609214000000,0,0,4055.99,4056,4055.99,4056,2.0545
20140609214100000,0,0,4056.44,4056.44,4056.44,4056.44,0.29
20140609214200000,0,0,4057.48,4057.48,4056.98,4057.01,8.8756
20140609214300000,0,0,4058.16,4059.59,4058.03,4058.08,20.94
20140609214400000,0,0,4058.15,4058.15,4058.15,4058.15,0.05
20140609214500000,0,0,4058.3,4058.45,4057.95,4058.45,2.2376
20140609214600000,0,0,4057.06,4057.07,4057,4057,12.6529
20140609214700000,0,0,4057.07,4057.07,4057,4057,22.7136
20140609214800000,0,0,4057,4057.87,4057,4057.01,1.6705
20140609214900000,0,0,4057.01,4057.78,4057.01,4057.78,0.6206
20140609215100000,0,0,4057.4,4057.59,4057.4,4057.4,5.6774
20140609215200000,0,0,4057.4,4057.4,4057,4057,8.3522
20140609215300000,0,0,4056.99,4056.99,4056.98,4056.98,0.15
20140609215400000,0,0,4056.2,4056.2,4056,4056,7.0963
20140609215500000,0,0,4055.98,4056,4055.12,4055.15,17.1073
20140609215600000,0,0,4055.14,4055.14,4053.6,4054.99,7.0595
20140609215700000,0,0,4054.99,4055.15,4054.99,4055.15,2.861
20140609215800000,0,0,4054.99,4056,4054.99,4056,2.4476
20140609215900000,0,0,4056,4058.97,4056,4056.22,6.8327
20140609220000000,0,0,4057.44,4057.44,4057.44,4057.44,0.002
20140609220100000,0,0,4056.29,4057.58,4056.29,4057.56,3.7107
20140609220200000,0,0,4057.56,4057.56,4055.18,4055.21,10.4245
20140609220300000,0,0,4055.21,4056.16,4055.21,4055.92,5.7167
20140609220400000,0,0,4056,4056,4054.98,4055,6.9261
20140609220500000,0,0,4055,4055,4054,4055,15.0531
20140609220600000,0,0,4055,4055,4054.04,4055,1.6065
20140609220700000,0,0,4055,4055.89,4053.6,4053.73,7.606
20140609220800000,0,0,4053.77,4053.77,4053.77,4053.77,0.0202
20140609220900000,0,0,4055.3,4055.3,4053.77,4053.77,3.7018
20140609221000000,0,0,4055.27,4055.58,4055.27,4055.58,4.4155
20140609221100000,0,0,4057.24,4057.24,4055,4055,1.7602
20140609221200000,0,0,4055.76,4056,4055.7,4056,4.8827
20140609221300000,0,0,4055.92,4056,4055,4055.92,8.098
20140609221400000,0,0,4055.93,4056.99,4055.77,4056.08,4.6393
20140609221500000,0,0,4056.08,4056.08,4056,4056,1.341
20140609221600000,0,0,4054.16,4055.91,4054.05,4054.91,6.6103
20140609221700000,0,0,4055,4055.45,4054,4055.45,1.231
20140609221800000,0,0,4054.42,4054.42,4054.42,4054.42,0.5721
20140609221900000,0,0,4054.23,4054.4,4054,4054,13.2948
20140609222000000,0,0,4054,4054,4054,4054,17.8039
20140609222100000,0,0,4053.6,4053.6,4051.37,4052.59,0.9463
20140609222200000,0,0,4051.54,4052.56,4051.01,4051.01,19.1066
20140609222300000,0,0,4051.01,4051.01,4049.95,4049.95,22.364
20140609222400000,0,0,4049.92,4050.98,4049,4049.07,16.9508
20140609222500000,0,0,4049.98,4049.98,4045.01,4046.22,32.6113
20140609222600000,0,0,4046.23,4046.23,4045.2,4045.21,23.0509
20140609222700000,0,0,4046,4047.96,4045.21,4047.96,13.3923
20140609222800000,0,0,4046.55,4049,4046.55,4048.53,21.6199
20140609222900000,0,0,4048.44,4049,4048.44,4048.52,16.832
20140609223000000,0,0,4048.76,4050,4048.76,4049.02,13.9835
20140609223100000,0,0,4050,4050.77,4049.02,4050.23,12.1272
20140609223200000,0,0,4050.01,4052.97,4050.01,4050.07,4.1934
20140609223300000,0,0,4050.68,4050.68,4046,4046,20.101
20140609223400000,0,0,4050.8,4050.81,4047.12,4047.12,0.3242
