1405096380,0,0,3865.02,3865.01,3865.61,3865,22.974
1405096440,0,0,3865.03,3866.79,3867,3865,17.33
1405096500,0,0,3866,3865.89,3866.69,3865,25.931
1405096560,0,0,3865.05,3866.96,3867.91,3863.39,25.182
1405096620,0,0,3866.95,3866.96,3867.08,3866.5,7.948
1405096680,0,0,3866.96,3869.22,3869.22,3866.96,14.599
1405096740,0,0,3869.52,3865,3870,3865,128.993
1405096800,0,0,3868.03,3868,3869.56,3865,58.042
1405096860,0,0,3868,3867.94,3869.6,3865.01,26.229
1405096920,0,0,3867,3867.05,3867.95,3866.49,4.945
1405096980,0,0,3867,3865.95,3867.05,3865.95,0.86
1405097040,0,0,3867.04,3865.87,3868.22,3865.59,12.2235
1405097100,0,0,3866.88,3865.95,3866.88,3865.34,26.2219
1405097160,0,0,3865.39,3866.17,3866.95,3865.39,20.001
1405097220,0,0,3866.02,3866.15,3866.15,3866,2.821
1405097280,0,0,3866.92,3866.18,3867.96,3866.18,15.023
1405097340,0,0,3866.83,3866.6,3866.83,3866.03,2.149
1405097400,0,0,3866.03,3866.58,3866.62,3866,26.392
1405097460,0,0,3866.6,3867.22,3867.22,3866.6,4.016
1405097520,0,0,3867.28,3867.03,3867.83,3867,21.646
1405097580,0,0,3867.03,3867.6,3867.6,3866.84,3.733
1405097640,0,0,3866.86,3866.47,3866.86,3866.38,4.731
1405097700,0,0,3866.5,3867.84,3867.84,3866.45,16.902
1405097760,0,0,3867,3867.02,3867.84,3867,0.779
1405097820,0,0,3867.02,3867.02,3867.02,3867.02,0
1405097880,0,0,3867.02,3867,3867.76,3867,10.653
1405097940,0,0,3867,3866.86,3867,3866.3,1.45
1405098000,0,0,3866.9,3866.98,3866.98,3866.9,1
1405098060,0,0,3866.98,3867,3867,3866.98,5.602
1405098120,0,0,3867,3867,3867.78,3867,12.419
1405098180,0,0,3867.04,3868,3868,3867.04,11.196
1405098240,0,0,3868,3868,3868,3867.8,14.522
1405098300,0,0,3868,3867.85,3868,3865.02,17.22
1405098360,0,0,3868,3868,3868,3868,22.497
1405098420,0,0,3868,3867.94,3868.13,3866.95,9.934
1405098480,0,0,3867.94,3868,3868,3867.94,22.367
1405098540,0,0,3868,3867.28,3868.95,3867.04,3.799
1405098600,0,0,3867.3,3865.84,3868.14,3865,27.985
1405098660,0,0,3865.93,3865.59,3866.88,3864.74,35.061
1405098720,0,0,3865.53,3865.5,3865.8,3863.28,44.377
1405098780,0,0,3865.47,3865.95,3866.9,3864.99,8.952
1405098840,0,0,3865.28,3865.14,3866,3865.14,6.694
1405098900,0,0,3865.99,3865.72,3865.99,3864,23.59
1405098960,0,0,3865.02,3867.57,3869.35,3865.02,8.669
1405099020,0,0,3867.57,3870.2,3870.64,3867.25,69.3943
1405099080,0,0,3870.02,3874.01,3874.7,3870,27.766
1405099140,0,0,3874.59,3872.52,3874.59,3871.95,16.467
1405099200,0,0,3872.52,3872.78,3873.17,3872,24.7394
1405099260,0,0,3872.86,3874.84,3874.95,3872,20.88
1405099320,0,0,3874.84,3875.31,3875.33,3873.99,38.65
1405099380,0,0,3875.33,3875.98,3876.88,3875.02,24.212
1405099440,0,0,3875.98,3872.57,3876,3871.4,41.384
1405099500,0,0,3872.63,3873.53,3873.89,3872.35,10.208
1405099560,0,0,3873.95,3875.21,3875.21,3873.95,16.769
1405099620,0,0,3875.36,3877.05,3878.94,3875.36,27.935
1405099680,0,0,3877.07,3876.1,3877.12,3875.26,23.278
1405099740,0,0,3876.08,3879.02,3879.02,3876.08,19.5719
1405099800,0,0,3879.02,3883.23,3883.23,3879.02,54.6624
1405099860,0,0,3883.3,3882.3,3884.06,3882,31.2462
1405099920,0,0,3882.33,3878.14,3884.99,3876.26,75.0089
1405099980,0,0,3878.11,3878.02,3879,3876.66,39.3106
1405100040,0,0,3878.48,3877.98,3878.48,3877.46,2.604
1405100100,0,0,3877.58,3877.84,3878.48,3877.06,20.454
1405100160,0,0,3878.02,3882.73,3884.96,3878.02,32.583
1405100220,0,0,3882.96,3880.16,3883.03,3879.37,81.527
1405100280,0,0,3880,3880.82,3883,3879,33.307
1405100340,0,0,3880.99,3880.02,3882.45,3880.02,15.824
1405100400,0,0,3880.02,3879.99,3880.02,3879.49,8.675
1405100460,0,0,3880,3878.25,3880,3878,12.253
1405100520,0,0,3877.73,3875.02,3878.25,3875,34.901
1405100580,0,0,3875.02,3875.55,3875.92,3873.14,71.295
1405100640,0,0,3875.53,3875.92,3875.92,3874.57,28.821
1405100700,0,0,3875.63,3876.41,3876.41,3875,38.46
1405100760,0,0,3876.51,3877.83,3879.99,3875,45.5043
1405100820,0,0,3878.26,3874.33,3878.35,3870,29.253
1405100880,0,0,3873.65,3872.8,3874.31,3872.1,17.434
1405100940,0,0,3873.48,3873.08,3873.48,3872.63,3.445
1405101000,0,0,3873.09,3869.97,3873.24,3869.64,41.1809
1405101060,0,0,3870.88,3869.99,3870.88,3869.56,16.825
1405101120,0,0,3869.99,3866.58,3870.57,3866,43.963
1405101180,0,0,3866.28,3867.87,3867.94,3865.33,26.613
1405101240,0,0,3868.12,3867.21,3869.72,3867.2,25.4364
1405101300,0,0,3867.2,3865.52,3867.2,3865.31,8.425
1405101360,0,0,3865.52,3865.33,3865.79,3865.33,2.671
1405101420,0,0,3865.33,3865.31,3865.47,3865.31,15.922
1405101480,0,0,3865.33,3865.02,3865.33,3865,15.984
1405101540,0,0,3865.02,3865.79,3865.99,3864.51,22.936
1405101600,0,0,3865.8,3865.2,3865.99,3864,15.26
1405101660,0,0,3865.2,3865.12,3865.78,3865.02,5.705
1405101720,0,0,3865.38,3866,3866.02,3865.38,5.8
1405101780,0,0,3866,3865.44,3866.51,3865.36,8.467
1405101840,0,0,3865.59,3865.77,3865.77,3865.59,1.134
1405101900,0,0,3865.57,3866,3866,3865.57,6.178
1405101960,0,0,3866,3866.31,3866.38,3865.36,8.128
1405102020,0,0,3865.36,3865.33,3866.01,3865,24.505
1405102080,0,0,3865,3865.51,3865.95,3861.02,33.263
1405102140,0,0,3864.51,3864.52,3865.53,3863.34,13.382
1405102200,0,0,3864.52,3865.3,3865.34,3864.36,7.773
1405102260,0,0,3864.49,3862.81,3864.79,3862,16.9561
1405102320,0,0,3862.69,3861.13,3862.94,3861,18.72
1405102380,0,0,3861.12,3862.6,3862.61,3861.02,10.147
1405102440,0,0,3861.6,3862.51,3862.57,3861,10.116
1405102500,0,0,3862.53,3861.12,3862.61,3861.07,21.457
1405102560,0,0,3861.02,3855.84,3861.22,3855.83,69.317
1405102620,0,0,3856.74,3856.15,3858,3855,50.376
1405102680,0,0,3856.15,3856.59,3857.9,3856.02,17.135
1405102740,0,0,3856.59,3857.93,3858.94,3856.59,9.351
1405102800,0,0,3858.97,3856.6,3860.92,3856.59,10.222
1405102860,0,0,3856.6,3857.15,3858.04,3856.6,4.114
1405102920,0,0,3857.12,3858.5,3858.73,3857.12,4.168
1405102980,0,0,3858.15,3858.4,3858.4,3857.28,3.701
1405103040,0,0,3858,3857.29,3858.42,3857.24,9.061
1405103100,0,0,3857.29,3859.49,3859.49,3857.29,3.522
1405103160,0,0,3859.51,3860.77,3861.51,3858.03,14.326
1405103220,0,0,3860.41,3861.13,3861.43,3859.51,15.03
1405103280,0,0,3861.11,3861,3861.11,3860.91,9.93
1405103340,0,0,3861,3861.02,3861.11,3861,4.757
1405103400,0,0,3860.93,3860.93,3860.99,3860.91,5.725
1405103460,0,0,3860.97,3860.91,3860.97,3860.91,9.621
1405103520,0,0,3860.91,3860.02,3860.93,3860.02,6.184
1405103580,0,0,3860.02,3860.02,3860.02,3860.02,0.018
1405103640,0,0,3860.02,3860.02,3860.02,3859.58,12.949
1405103700,0,0,3860.03,3860.02,3860.03,3860,5.491
1405103760,0,0,3860.03,3861.23,3861.23,3860,32.9019
1405103820,0,0,3861.24,3860.02,3861.24,3860,25.927
1405103880,0,0,3860.02,3861.26,3861.26,3859.51,30.083
1405103940,0,0,3860.26,3860.12,3863.61,3860.12,20.518
1405104000,0,0,3860.12,3861.33,3862.24,3860.12,12.1645
1405104060,0,0,3861.49,3863.99,3863.99,3861.49,22.372
1405104120,0,0,3864.01,3864.02,3864.22,3863.5,51.295
1405104180,0,0,3864.03,3863.52,3864.51,3863.5,11.214
1405104240,0,0,3863.52,3864,3864.52,3863.52,58.857
1405104300,0,0,3863.52,3865.49,3865.49,3863.52,35.679
1405104360,0,0,3865.04,3863.77,3865.16,3863.77,8.1981
1405104420,0,0,3863.53,3863,3864,3863,40.582
1405104480,0,0,3863.9,3864.39,3865.49,3863.9,17.8819
1405104540,0,0,3864.26,3864.83,3865.31,3864.26,9.617
1405104600,0,0,3865,3865.49,3865.51,3864.98,27.806
1405104660,0,0,3865.42,3865.48,3866,3865.42,51.022
1405104720,0,0,3865.48,3867.96,3870.57,3865.46,55.5645
1405104780,0,0,3868.06,3868.02,3870,3866.91,25.885
1405104840,0,0,3868,3867,3868.07,3864.95,30.3869
1405104900,0,0,3867.02,3868.31,3868.31,3867.02,10.38
1405104960,0,0,3868.37,3869,3869,3868.33,6.783
1405105020,0,0,3869,3869,3869,3869,1.206
1405105080,0,0,3868.38,3868.38,3868.38,3868.38,0.02
1405105140,0,0,3868.33,3867.34,3868.33,3867.34,2.073
1405105200,0,0,3868.37,3867,3868.98,3867,14.756
1405105260,0,0,3867,3867.45,3868.51,3867,1.89
1405105320,0,0,3867.85,3867.32,3867.85,3867,0.269
1405105380,0,0,3866.53,3866.14,3867.29,3865.69,15.5755
1405105440,0,0,3866.15,3866.64,3867.06,3866.08,2.4749
1405105500,0,0,3866.62,3864.43,3866.62,3864.43,11.795
1405105560,0,0,3864.99,3865.49,3866.44,3864.48,10.185
1405105620,0,0,3865.51,3865.51,3865.51,3865.51,0.017
1405105680,0,0,3865.27,3865.38,3866.09,3865.21,7.732
1405105740,0,0,3865,3865.43,3866.47,3864.51,0.231
1405105800,0,0,3866.44,3865.99,3866.89,3865.4,1.52
1405105860,0,0,3865.99,3866.12,3866.23,3865.99,3.624
1405105920,0,0,3866,3865.96,3866,3865.55,2.713
1405105980,0,0,3865.86,3865.82,3865.86,3865.82,2.159
1405106040,0,0,3865.82,3865.85,3865.98,3865.72,9.556
1405106100,0,0,3865.85,3865.52,3865.85,3865.52,0.16
1405106160,0,0,3865.85,3865.5,3865.98,3865,12.508
1405106220,0,0,3865.5,3864.65,3865.98,3864.63,7.197
1405106280,0,0,3865.09,3864.33,3865.09,3864.33,1.188
1405106340,0,0,3864.29,3864.28,3864.29,3864.28,4.126
1405106400,0,0,3864.28,3865.41,3866.19,3863.91,15.78
1405106460,0,0,3865.05,3863.37,3865.05,3863.37,2.874
1405106520,0,0,3864.99,3865.62,3866.02,3864.94,21.855
1405106580,0,0,3865.59,3870.94,3870.94,3865.59,32.326
1405106640,0,0,3871.03,3872.05,3873,3871,27.146
1405106700,0,0,3872,3872.07,3872.07,3871.51,0.6
1405106760,0,0,3872.07,3872.92,3872.92,3868.59,15.964
1405106820,0,0,3872.83,3872.89,3872.93,3872.83,4.151
1405106880,0,0,3872.13,3872.04,3872.15,3872.04,3.661
1405106940,0,0,3872.07,3873.76,3873.76,3872,7.611
1405107000,0,0,3873.76,3873.76,3873.76,3873.75,0.4713
1405107060,0,0,3873.66,3873.51,3873.67,3872.81,5.767
1405107120,0,0,3873.51,3873.51,3873.51,3873.51,0
1405107180,0,0,3873.4,3872.98,3873.4,3872.97,1.12
1405107240,0,0,3872.98,3873,3873.11,3872,22.085
1405107300,0,0,3872,3872.96,3873,3871.51,6.173
1405107360,0,0,3872.29,3876.29,3876.99,3872.29,11.035
1405107420,0,0,3875.5,3875,3875.5,3874,5.737
1405107480,0,0,3874.24,3877.59,3880.99,3874.24,15.884
1405107540,0,0,3877.67,3878.62,3878.62,3875.32,14.9484
1405107600,0,0,3879.17,3879.15,3879.77,3878.2,23.6204
1405107660,0,0,3879.51,3875.95,3879.99,3875.95,4.47
1405107720,0,0,3877.29,3875.92,3877.99,3875.05,5.676
1405107780,0,0,3877.27,3876.29,3877.27,3876.29,9.6956
1405107840,0,0,3876.3,3876.97,3876.97,3875.01,4.234
1405107900,0,0,3875.99,3875.99,3875.99,3875.99,0.011
1405107960,0,0,3876.93,3877.02,3877.75,3876.92,6.997
1405108020,0,0,3877.04,3877.02,3877.58,3877,9.61
1405108080,0,0,3877.58,3878.41,3878.42,3877.05,6.03
1405108140,0,0,3878,3878.95,3879.77,3877.06,7.4
1405108200,0,0,3879,3881.92,3883,3879,51.091
1405108260,0,0,3882.51,3886.02,3886.02,3882.01,28.7012
1405108320,0,0,3886.02,3886,3886.15,3886,10.455
1405108380,0,0,3884.99,3885.92,3885.94,3884.53,18.7041
1405108440,0,0,3885.92,3881.73,3885.96,3881.73,16.111
1405108500,0,0,3881.73,3879.56,3884.99,3878.82,23.3556
1405108560,0,0,3880,3879.71,3880.25,3879.44,9.441
1405108620,0,0,3879.71,3879.74,3879.74,3879.71,10.426
1405108680,0,0,3879.74,3879.99,3880,3879.13,6.574
1405108740,0,0,3880,3880,3880,3879.13,2.447
1405108800,0,0,3880,3880,3880,3880,0
1405108860,0,0,3880,3880.01,3880.01,3879.99,2.369
1405108920,0,0,3879.99,3880.5,3881.52,3879.99,9.5195
1405108980,0,0,3881.45,3881.29,3881.45,3880.28,3.73
1405109040,0,0,3880.99,3881.01,3881.44,3880.99,5.932
1405109100,0,0,3880.98,3880.05,3881,3879.55,15.4328
1405109160,0,0,3879.66,3880.16,3880.38,3878.63,9.321
1405109220,0,0,3878.84,3881.29,3881.29,3878.84,22.0304
1405109280,0,0,3881.61,3884.71,3884.71,3881.61,4.75
1405109340,0,0,3882.95,3883.11,3883.99,3881.47,30.998
1405109400,0,0,3881.81,3877.61,3882.35,3876.52,27.208
1405109460,0,0,3877,3876.45,3877.51,3876.2,9.736
1405109520,0,0,3876.45,3880.6,3880.6,3876.45,6.674
1405109580,0,0,3879.98,3881.93,3881.98,3879.98,3.3177
1405109640,0,0,3881.81,3880.95,3881.93,3879.37,18.9603
1405109700,0,0,3880.92,3880.25,3881.83,3879.27,7.39
1405109760,0,0,3880.25,3881.41,3881.51,3879.83,11.465
1405109820,0,0,3879.88,3880,3880,3879.83,2.71
1405109880,0,0,3880,3879.47,3880,3879,4.41
1405109940,0,0,3878.98,3877.51,3879.55,3876.12,12.758
1405110000,0,0,3877.51,3876.99,3877.99,3875.76,4.333
1405110060,0,0,3876.77,3878.41,3878.51,3876.77,12.147
1405110120,0,0,3878.4,3877,3878.51,3877,7.266
1405110180,0,0,3877,3876,3877,3875.74,7.744
1405110240,0,0,3876,3876,3876,3876,0
1405110300,0,0,3876,3876,3876,3876,0
1405110360,0,0,3876.2,3876.66,3876.67,3875.74,4.601
1405110420,0,0,3876.66,3876.68,3878.44,3876,12.177
1405110480,0,0,3876.69,3877.01,3877.01,3876,1.506
1405110540,0,0,3876.62,3876.62,3876.62,3876.62,6.2
1405110600,0,0,3876.46,3876.46,3876.46,3876.46,17.36
1405110660,0,0,3876.44,3876.44,3876.44,3876.44,0.821
1405110720,0,0,3876.18,3877.48,3877.48,3875.82,1.8826
1405110780,0,0,3876.57,3876.03,3876.99,3875.85,5.494
1405110840,0,0,3876.74,3875.76,3876.99,3875.76,0.175
1405110900,0,0,3876.14,3877,3877.25,3875.94,6.3759
1405110960,0,0,3875.99,3875.96,3875.99,3875.87,1.295
1405111020,0,0,3875.76,3875.5,3875.83,3875.5,5.611
1405111080,0,0,3875.5,3875.99,3875.99,3875.48,2.328
1405111140,0,0,3875.99,3875.99,3875.99,3875.99,0.437
1405111200,0,0,3875.49,3875.49,3875.49,3875.49,0.05
1405111260,0,0,3875.49,3875.49,3875.49,3875.49,0
1405111320,0,0,3875.49,3875.49,3875.49,3875.49,0
1405111380,0,0,3875.49,3875.49,3875.49,3875.49,0.35
1405111440,0,0,3875.49,3875.99,3875.99,3875.47,1.032
1405111500,0,0,3875.99,3875.99,3875.99,3875.99,0.206
1405111560,0,0,3875.98,3875.99,3875.99,3875.97,2.611
1405111620,0,0,3875.99,3876.66,3876.67,3875.98,2.326
1405111680,0,0,3876.66,3876.66,3876.66,3876.66,0
1405111740,0,0,3877.36,3877.5,3877.51,3876.34,18.488
1405111800,0,0,3876.88,3876.57,3876.88,3876.29,8.358
1405111860,0,0,3876.57,3876.57,3876.57,3876.57,0
1405111920,0,0,3877.22,3877.76,3877.86,3876.54,3.6396
1405111980,0,0,3877.75,3877.76,3877.76,3877.75,0.903
1405112040,0,0,3877.76,3877.89,3877.9,3877.76,4.071
1405112100,0,0,3877.89,3877.89,3877.89,3877.89,0.073
1405112160,0,0,3877.89,3877.89,3877.89,3877.89,0.05
1405112220,0,0,3877.89,3877.89,3877.89,3877.89,0
1405112280,0,0,3877.89,3880,3880,3877.89,2.001
1405112340,0,0,3879.03,3880,3880,3879.03,3.24
1405112400,0,0,3880,3881.87,3882,3879.9,7.351
1405112460,0,0,3881.87,3880.99,3881.98,3880.87,9.8024
1405112520,0,0,3881.38,3881.98,3881.98,3881.24,16.1541
1405112580,0,0,3881.98,3882.35,3882.38,3881.22,12.8104
1405112640,0,0,3882.35,3882.35,3882.35,3882.35,0
1405112700,0,0,3882.39,3884.95,3884.95,3881.22,11.955
1405112760,0,0,3884.95,3886.15,3886.15,3884.95,26.4468
1405112820,0,0,3886.15,3886.04,3886.15,3884.59,7.758
1405112880,0,0,3886.04,3886.13,3886.13,3883.25,17.4774
1405112940,0,0,3885.92,3885.74,3887,3884.75,12.5247
1405113000,0,0,3886.85,3886.98,3887,3884.76,6.622
1405113060,0,0,3886.98,3886.69,3887,3886.69,2.436
1405113120,0,0,3885.92,3884,3886.98,3882.06,23.702
1405113180,0,0,3882.6,3886.88,3886.88,3882.6,5.5136
1405113240,0,0,3886.85,3886.02,3886.98,3885.66,4.893
1405113300,0,0,3886.02,3886.98,3886.98,3885.94,12.7953
1405113360,0,0,3886.98,3887,3887,3885.54,3.2552
1405113420,0,0,3885.39,3887,3887,3884.36,9.21
1405113480,0,0,3886.99,3887,3887,3886.51,2.708
1405113540,0,0,3887,3887.9,3887.9,3886.06,10.533
1405113600,0,0,3887.9,3887.96,3889,3886.99,48.638
1405113660,0,0,3888.05,3888.09,3889.13,3887.84,1.3543
1405113720,0,0,3888.68,3888.68,3888.68,3888.68,0.775
1405113780,0,0,3888.42,3888.37,3888.47,3888.15,8.1222
1405113840,0,0,3888.98,3888.44,3888.98,3888.15,11.989
1405113900,0,0,3889.13,3889.08,3889.21,3887.92,25.4334
1405113960,0,0,3888.03,3887.78,3888.03,3887.78,10.754
1405114020,0,0,3887.39,3886,3888.38,3886,5.426
1405114080,0,0,3886.99,3884.54,3889.99,3883,73.425
1405114140,0,0,3884.39,3884.16,3884.99,3884.16,0.28
1405114200,0,0,3884.17,3885.14,3885.39,3884.16,1.462
1405114260,0,0,3884.3,3884.36,3886.89,3884.13,4.294
1405114320,0,0,3884.39,3884.01,3884.92,3884,2.38
1405114380,0,0,3884,3884.42,3884.44,3884,5.016
1405114440,0,0,3884.45,3884.81,3884.82,3884.45,2.435
1405114500,0,0,3884.81,3884.81,3884.81,3884.81,0
1405114560,0,0,3884.8,3885.38,3885.39,3884.63,1.7117
1405114620,0,0,3885.38,3885.37,3886.96,3884.44,3.384
1405114680,0,0,3884.99,3884.53,3885,3884.51,5.083
1405114740,0,0,3885.02,3886,3886,3885.02,1.11
1405114800,0,0,3885.09,3885,3885.09,3885,0.04
1405114860,0,0,3884.97,3885,3885,3884.97,12.983
1405114920,0,0,3885,3885,3885,3885,0
1405114980,0,0,3885.06,3885.38,3885.48,3885.06,3.168
1405115040,0,0,3885.38,3885.38,3885.38,3885.38,0
1405115100,0,0,3885.17,3885.53,3885.53,3885.17,10.1266
1405115160,0,0,3885.51,3885.08,3885.51,3885.08,0.207
1405115220,0,0,3885.09,3884.03,3885.09,3884,13.674
1405115280,0,0,3884.16,3884.1,3884.58,3884.1,2.714
1405115340,0,0,3884.04,3884.96,3884.96,3884.03,1.461
1405115400,0,0,3884.96,3884.96,3884.96,3884.96,0.135
1405115460,0,0,3884.96,3884.96,3884.96,3884.96,0
1405115520,0,0,3884.54,3884.58,3884.99,3884.1,5.202
1405115580,0,0,3884.58,3884,3884.58,3884,7.47
1405115640,0,0,3884.42,3884,3886.03,3884,29.364
1405115700,0,0,3884.34,3884.54,3884.56,3883.6,10.012
1405115760,0,0,3883.6,3883.88,3883.88,3883.02,6.687
1405115820,0,0,3883.05,3883.6,3883.6,3883,7.298
1405115880,0,0,3883.02,3884.1,3884.4,3883.01,4.33
1405115940,0,0,3884.83,3884.39,3885.39,3883.64,8.0917
1405116000,0,0,3884.24,3884.97,3884.97,3883.39,5.993
1405116060,0,0,3884.97,3884.97,3884.97,3884.97,0
1405116120,0,0,3884.97,3884.97,3884.97,3884.97,0
1405116180,0,0,3885,3884.38,3885,3884.38,2.36
1405116240,0,0,3885,3885.39,3885.39,3884,1.671
1405116300,0,0,3884.82,3884.67,3885.92,3884.66,6.0206
1405116360,0,0,3885.19,3885.04,3885.99,3884.64,2.809
1405116420,0,0,3885.88,3886.03,3886.39,3885.84,6.664
1405116480,0,0,3886.08,3887.52,3888,3886.06,27.375
1405116540,0,0,3886.85,3888.77,3888.77,3886.85,24.892
1405116600,0,0,3887.78,3887.76,3888,3887.52,8.649
1405116660,0,0,3887.76,3887.76,3887.76,3887.76,0
1405116720,0,0,3887.76,3887.76,3887.76,3887.76,0
1405116780,0,0,3887.39,3883.12,3887.39,3883,33.975
1405116840,0,0,3883.39,3883.02,3883.87,3883,50.431
1405116900,0,0,3882.91,3883.62,3883.99,3881.1,20.389
1405116960,0,0,3883.64,3883.64,3886.68,3883.62,16.693
1405117020,0,0,3883.64,3885,3885,3883.64,3.774
1405117080,0,0,3884.09,3885.38,3885.39,3883.12,9.995
1405117140,0,0,3885.28,3885.3,3885.3,3885.2,4.242
1405117200,0,0,3885.2,3885.3,3885.4,3885.2,3.943
1405117260,0,0,3884.39,3883.89,3885.09,3883.89,5.65
1405117320,0,0,3883.99,3885.41,3885.41,3883.95,13.404
1405117380,0,0,3885.41,3884.95,3885.41,3884.95,18.219
1405117440,0,0,3884.39,3883.71,3884.85,3883.71,0.3243
1405117500,0,0,3884.81,3887.05,3890,3883.21,25.8028
1405117560,0,0,3886.15,3886.97,3886.99,3886.1,30.796
1405117620,0,0,3886.97,3886.97,3886.98,3886.12,6.552
1405117680,0,0,3886.94,3886.94,3886.99,3886.14,1.995
1405117740,0,0,3886.14,3886.1,3886.96,3886.1,5.275
1405117800,0,0,3886.1,3886.42,3887.07,3884.34,11.791
1405117860,0,0,3887.02,3886.01,3887.42,3885.15,10.357
1405117920,0,0,3885.57,3886,3886.22,3885.07,10.277
1405117980,0,0,3886.05,3885.89,3886.05,3884.51,1.359
1405118040,0,0,3885.89,3885.04,3885.89,3884.63,0.67
1405118100,0,0,3885.03,3885.88,3885.89,3885.03,12.923
1405118160,0,0,3885.88,3885.43,3887.43,3881,30.551
1405118220,0,0,3885.43,3885.15,3885.53,3884.97,1.176
1405118280,0,0,3885.43,3885.42,3885.43,3885.42,0.024
1405118340,0,0,3885.42,3884.98,3885.42,3884.98,2.89
1405118400,0,0,3885.42,3880,3885.46,3880,48.286
1405118460,0,0,3880,3882,3882.99,3879.68,39.88
1405118520,0,0,3882.35,3880.97,3883.03,3880.5,16.683
1405118580,0,0,3880.97,3881.92,3885,3880.39,48.0126
1405118640,0,0,3881.89,3880.9,3881.9,3879,31.0437
1405118700,0,0,3880.66,3881.22,3881.22,3880.66,1.7248
1405118760,0,0,3881.02,3880.94,3881.02,3879.8,25.968
1405118820,0,0,3880.94,3880.94,3881.23,3880.94,3.635
1405118880,0,0,3881,3881.41,3881.42,3881,3.464
1405118940,0,0,3881.41,3880.94,3881.43,3880.94,17.097
1405119000,0,0,3881,3880.94,3881,3880.94,3.845
1405119060,0,0,3880.94,3880.94,3880.94,3880.94,3.831
1405119120,0,0,3880.94,3880.55,3880.94,3880.16,3.699
1405119180,0,0,3880.16,3879.42,3880.16,3879.42,7.809
1405119240,0,0,3879.67,3879.98,3880,3879.42,4.381
1405119300,0,0,3879.44,3879.44,3879.44,3879.44,1.01
1405119360,0,0,3879.98,3879.98,3879.98,3879.97,3.005
1405119420,0,0,3879.98,3880,3880,3879.98,4.301
1405119480,0,0,3880,3880.36,3880.36,3879.96,6.5787
1405119540,0,0,3879.44,3881.9,3881.9,3877.83,8.9574
1405119600,0,0,3881.9,3875.45,3883,3875.45,15.329
1405119660,0,0,3881.21,3879.19,3881.83,3879,2.444
1405119720,0,0,3879.19,3878.82,3879.95,3878.82,1.592
1405119780,0,0,3878.65,3878.09,3878.76,3878.09,1.66
1405119840,0,0,3878,3879.09,3879.09,3877.04,5.7737
1405119900,0,0,3879.95,3879,3881.77,3878.13,3.138
1405119960,0,0,3879,3882,3882.99,3878.87,15.34
1405120020,0,0,3881.97,3882.35,3882.35,3881.97,0.975
1405120080,0,0,3882.35,3881.39,3883,3880,10.75
1405120140,0,0,3881.39,3881.89,3881.89,3880.01,5.95
1405120200,0,0,3881.91,3883.64,3884.13,3881.89,15.3825
1405120260,0,0,3883.64,3883.65,3884.39,3881.89,27.7204
1405120320,0,0,3883.62,3883,3884.39,3882.17,2.61
1405120380,0,0,3883,3883,3883,3881.89,10.752
1405120440,0,0,3882.84,3884.97,3884.97,3881.94,12.2166
1405120500,0,0,3884.97,3883.99,3885,3883.64,23.2051
1405120560,0,0,3883.33,3883.81,3884,3882.59,6.0829
1405120620,0,0,3883.95,3882.95,3883.97,3882.52,7.6751
1405120680,0,0,3883.87,3883.61,3885,3883,20.979
1405120740,0,0,3883,3882.26,3884,3882.26,7.11
1405120800,0,0,3882.26,3881.2,3882.26,3881.2,4.04
1405120860,0,0,3881.2,3882,3882,3881.2,3.4
1405120920,0,0,3882,3882.72,3884.9,3882,2.679
1405120980,0,0,3883,3885,3885,3882.96,5.989
1405121040,0,0,3885,3884.54,3885,3884.5,16.82
1405121100,0,0,3884.98,3884.54,3885,3884.54,3.318
1405121160,0,0,3885,3885,3885,3884.72,9.763
1405121220,0,0,3885,3884.69,3885,3883.02,17.569
1405121280,0,0,3885,3885,3885,3884.92,3.607
1405121340,0,0,3885,3885,3885,3885,0.1
1405121400,0,0,3885,3885,3885,3885,0.2
1405121460,0,0,3885,3885,3885,3885,0.644
1405121520,0,0,3884.1,3884,3884.14,3884,0.06
1405121580,0,0,3884.94,3882.98,3884.99,3881.88,19.062
1405121640,0,0,3882.95,3883.94,3884,3882.35,4.059
1405121700,0,0,3883.94,3883.68,3884,3881,21.886
1405121760,0,0,3883,3882.86,3884,3880,19.293
1405121820,0,0,3883.28,3885,3885,3882.99,25.391
1405121880,0,0,3884.98,3884.9,3885,3883.36,18.488
1405121940,0,0,3884.9,3885,3885,3884,39.05
1405122000,0,0,3884.12,3884.98,3884.98,3884.12,0.3
1405122060,0,0,3884.98,3884.98,3884.98,3884.98,0
1405122120,0,0,3884.9,3884.97,3885,3883.37,4.471
1405122180,0,0,3884.01,3883.39,3884.01,3883.36,12.336
1405122240,0,0,3883.28,3883.28,3883.28,3883.28,2.493
1405122300,0,0,3882.38,3883.89,3883.93,3882,2.505
1405122360,0,0,3883.89,3883.84,3883.89,3883.13,0.102
1405122420,0,0,3883.11,3883.99,3883.99,3883,23.414
1405122480,0,0,3883.99,3882.13,3883.99,3882.13,5.083
1405122540,0,0,3883.28,3881.38,3883.82,3881,42.7452
1405122600,0,0,3880.98,3880.92,3882,3880,14.439
1405122660,0,0,3880.09,3880.66,3880.66,3880,21.173
1405122720,0,0,3880.66,3880.9,3881.39,3880.52,5.496
1405122780,0,0,3880.89,3880.9,3880.9,3880.48,12.857
1405122840,0,0,3880.9,3880.9,3880.93,3880.52,2.784
1405122900,0,0,3880.52,3880.52,3880.52,3880.52,0.156
1405122960,0,0,3880.52,3880.9,3880.9,3880.52,0.6
1405123020,0,0,3880.52,3880.97,3881.84,3880.5,19.955
1405123080,0,0,3880.93,3880.95,3881.9,3880.5,13.304
1405123140,0,0,3880.95,3881,3881,3880.38,9.213
1405123200,0,0,3880.96,3881.9,3881.9,3880.38,13.805
1405123260,0,0,3881.61,3883.09,3884.9,3881.61,17.526
1405123320,0,0,3882.79,3882.29,3884,3882.29,4.342
1405123380,0,0,3882.22,3882,3883.01,3881.43,1.761
1405123440,0,0,3882.35,3882.04,3883.03,3881.84,10.147
1405123500,0,0,3882.11,3882.99,3882.99,3882,11.207
1405123560,0,0,3882.99,3881.5,3882.99,3881.5,17.181
1405123620,0,0,3881.5,3882.02,3882.97,3881.42,28.7073
1405123680,0,0,3881.57,3882.38,3882.97,3881.57,26.6732
1405123740,0,0,3881.78,3879.36,3882.99,3879.36,27.087
1405123800,0,0,3879.43,3880.46,3882.97,3879.43,16.375
1405123860,0,0,3880,3879.62,3880.43,3879.62,18.5395
1405123920,0,0,3880.07,3879,3880.77,3879,20.3271
1405123980,0,0,3879,3878.86,3879.61,3878,28.3304
1405124040,0,0,3878.86,3878.96,3879.36,3877.73,9.291
1405124100,0,0,3879,3879,3879,3879,20.7
1405124160,0,0,3878.5,3878.09,3878.98,3877.91,11.46
1405124220,0,0,3878.94,3877.45,3879,3877,12.94
1405124280,0,0,3877.63,3878.97,3879,3877.63,6.231
1405124340,0,0,3878.66,3878,3878.66,3877.32,8.128
1405124400,0,0,3878.02,3878.02,3878.02,3878.02,0.021
1405124460,0,0,3878.36,3879.02,3879.37,3878.02,13.187
1405124520,0,0,3879.58,3880,3880,3879.57,2.339
1405124580,0,0,3880,3879.32,3880,3879.15,3.285
1405124640,0,0,3879.97,3881.04,3881.04,3879.15,13.354
1405124700,0,0,3879.87,3879.02,3881,3879,20.2873
1405124760,0,0,3879.59,3879.02,3879.6,3879.01,10.597
1405124820,0,0,3879.5,3879.17,3879.53,3879.02,5.69
1405124880,0,0,3879.88,3879.02,3879.98,3879.02,13.389
1405124940,0,0,3879.1,3879.1,3879.1,3879,3.606
1405125000,0,0,3879.9,3879.02,3879.9,3878.42,8.185
1405125060,0,0,3879.03,3880.02,3880.02,3879,15.071
1405125120,0,0,3880.02,3880.46,3881.01,3880,10.32
1405125180,0,0,3880.39,3882.6,3882.6,3880.3,1.16
1405125240,0,0,3880.68,3880.87,3880.87,3880.68,0.03
1405125300,0,0,3881.18,3881.99,3882,3880.87,10.17
1405125360,0,0,3881.99,3882,3882,3881.99,9.77
1405125420,0,0,3882,3881.01,3882,3880.85,10.32
1405125480,0,0,3881.03,3881.01,3881.03,3881.01,6.519
1405125540,0,0,3881.04,3881.06,3881.06,3881.01,1.773
1405125600,0,0,3881.9,3882,3882,3881.01,9.93
1405125660,0,0,3881.85,3882.99,3883,3881.85,21.784
1405125720,0,0,3883,3884.39,3884.39,3883,42.0221
1405125780,0,0,3884.38,3884,3884.9,3883.89,3.958
1405125840,0,0,3884.01,3884.05,3885,3883.84,17.18
1405125900,0,0,3884.06,3885.32,3886.36,3884,53.413
1405125960,0,0,3885.29,3885.95,3886.36,3883.84,27.044
1405126020,0,0,3885.85,3885.98,3886.35,3885.57,8.837
1405126080,0,0,3885.87,3886.29,3886.29,3885.87,5.752
1405126140,0,0,3885.98,3885.85,3886.01,3885.85,5.064
1405126200,0,0,3885.85,3886.37,3886.84,3885.85,20.805
1405126260,0,0,3885.85,3885.85,3885.85,3885.85,0.092
1405126320,0,0,3885.85,3886.63,3886.99,3885.85,5.449
1405126380,0,0,3886.8,3886.02,3887.88,3886.02,3.5891
1405126440,0,0,3886.09,3886.89,3886.99,3886.07,10.109
1405126500,0,0,3886.97,3888,3888,3886.64,40.167
1405126560,0,0,3887.04,3889.1,3889.1,3886.87,25.2101
1405126620,0,0,3889.1,3890,3890,3889,57.209
1405126680,0,0,3890,3891.02,3891.12,3889.99,88.889
1405126740,0,0,3891.02,3892.54,3893,3890.94,30.3121
1405126800,0,0,3892.54,3894.12,3895,3892.54,48.966
1405126860,0,0,3894.12,3896.26,3896.27,3894.12,50.718
1405126920,0,0,3895.97,3895.96,3896.72,3894.12,63.4052
1405126980,0,0,3894.43,3890.5,3895.98,3890.16,13.526
1405127040,0,0,3891.9,3890.68,3892.02,3890.68,30.535
1405127100,0,0,3890.19,3889.05,3891.57,3888.05,50.717
1405127160,0,0,3889.63,3891.91,3891.91,3889.05,54.238
1405127220,0,0,3891.85,3890.12,3891.87,3889.9,48.592
1405127280,0,0,3890.22,3889,3890.22,3888,32.409
1405127340,0,0,3888.84,3887.93,3889,3886.56,19.207
1405127400,0,0,3888.84,3888.79,3890,3887.87,50.244
1405127460,0,0,3888.79,3889.99,3890,3888.73,59.594
1405127520,0,0,3890,3890.53,3893.52,3889.53,10.8255
1405127580,0,0,3890.06,3889.86,3890.06,3888.25,14.685
1405127640,0,0,3888.95,3888.11,3890,3888.11,18.889
1405127700,0,0,3888,3888,3889.24,3887.9,44.772
1405127760,0,0,3888,3888.93,3889.02,3888,13.323
1405127820,0,0,3888.26,3888.77,3888.78,3888,10.198
1405127880,0,0,3888.77,3887.68,3888.99,3886,91.403
1405127940,0,0,3887.66,3887.08,3888.75,3886.38,46.8284
1405128000,0,0,3886.19,3885.38,3887.02,3885.14,62.818
1405128060,0,0,3885.32,3885.84,3885.84,3885,8.95
1405128120,0,0,3886.06,3887.84,3887.99,3885.1,25.395
1405128180,0,0,3887.95,3887.84,3887.98,3887.84,8.66
1405128240,0,0,3887.98,3887.98,3888,3887.98,1.528
1405128300,0,0,3888,3887.43,3888.03,3887,27.583
1405128360,0,0,3888.01,3886.99,3888.05,3886.95,23.709
1405128420,0,0,3887.83,3887.83,3887.83,3887.83,0.25
1405128480,0,0,3887.02,3887.02,3887.02,3887.02,0.871
1405128540,0,0,3887.02,3887.02,3887.14,3887,2.005
1405128600,0,0,3887.02,3887.21,3887.26,3887,13.141
1405128660,0,0,3887.02,3886.84,3887.03,3886,20.102
1405128720,0,0,3886.72,3886.84,3887.85,3885.93,15.471
1405128780,0,0,3886.82,3886.12,3886.83,3885.5,24.982
1405128840,0,0,3886.13,3886.1,3886.16,3886.06,12.641
1405128900,0,0,3886.1,3885.78,3887.17,3885.74,26.269
1405128960,0,0,3885.99,3885.46,3886,3885.46,23.082
1405129020,0,0,3885.14,3885.1,3885.84,3884.16,25.361
1405129080,0,0,3885.1,3884.24,3885.1,3883.13,6.807
1405129140,0,0,3884.27,3880.02,3884.27,3880,117.712
1405129200,0,0,3880.02,3880.2,3881.42,3880,39.6548
1405129260,0,0,3880.2,3883.15,3883.99,3880.2,39.971
1405129320,0,0,3883.2,3882.35,3884.24,3882.2,24.767
1405129380,0,0,3882.06,3883.89,3883.89,3882.06,12.837
1405129440,0,0,3883.75,3885,3885,3883.75,20.266
1405129500,0,0,3885.14,3886.47,3886.47,3884.41,19.924
1405129560,0,0,3886.01,3887.93,3887.93,3885.96,6.41875
1405129620,0,0,3887.95,3886.7,3887.95,3885.47,34.108
1405129680,0,0,3886.84,3886.83,3886.91,3886,13.889
1405129740,0,0,3886.83,3886.65,3886.83,3886.4,1.62
1405129800,0,0,3886.43,3886.8,3886.87,3886.43,0.642
1405129860,0,0,3886.83,3886.98,3886.98,3886.1,4.993
1405129920,0,0,3886.98,3887.75,3887.76,3886.94,2.28525
1405129980,0,0,3887.76,3887.1,3887.76,3887,5.922
1405130040,0,0,3887.14,3887.14,3887.14,3887.14,1.4
1405130100,0,0,3887.14,3887.14,3887.15,3887.13,3.84
1405130160,0,0,3887.22,3888.97,3889,3887.2,19.216
1405130220,0,0,3888.97,3889.28,3890.99,3888.84,23.482
1405130280,0,0,3889.92,3888.05,3889.92,3887.86,6.59
1405130340,0,0,3887.86,3887.89,3888.74,3887.86,2.8775
1405130400,0,0,3888.85,3888,3888.98,3887.84,9.05
1405130460,0,0,3888.14,3887,3888.14,3886.94,35.561
1405130520,0,0,3887.4,3890.69,3890.69,3886.14,30.423
1405130580,0,0,3890.68,3892.11,3893.28,3889.43,116.781
1405130640,0,0,3892.02,3896.98,3897,3892.02,69.541
1405130700,0,0,3896.97,3905,3905,3896.95,229.2
1405130760,0,0,3905.02,3915.01,3915.98,3905,264.734
1405130820,0,0,3915.96,3916.09,3921,3913.16,344.2377
1405130880,0,0,3916.09,3910,3917,3910,179.126
1405130940,0,0,3910,3910,3914.5,3907.88,192.2166
1405131000,0,0,3910.03,3912.02,3912.81,3910.03,63.642
1405131060,0,0,3912.02,3912.78,3913.7,3911.02,52.6427
1405131120,0,0,3913.65,3917.92,3917.99,3912.66,44.6491
1405131180,0,0,3917.92,3920.02,3925,3917,174.9436
1405131240,0,0,3920.02,3916.29,3921.52,3916,87.6345
1405131300,0,0,3917.47,3915.79,3918.99,3915.79,64.386
1405131360,0,0,3916,3912.21,3916.86,3912.2,47.443
1405131420,0,0,3912.2,3912.23,3913.1,3910,130.238
1405131480,0,0,3912.6,3915.1,3915.1,3911.75,47.858
1405131540,0,0,3915.02,3915.44,3916.87,3915,77.928
1405131600,0,0,3915.46,3914.74,3915.8,3914.03,82.543
1405131660,0,0,3914.76,3912,3914.96,3912,37.526
1405131720,0,0,3912,3912.23,3912.23,3911.14,46.075
1405131780,0,0,3911.99,3915,3915.1,3911,54.597
1405131840,0,0,3915,3915.12,3915.85,3914,39.378
1405131900,0,0,3915.12,3914.05,3915.85,3914.05,48.393
1405131960,0,0,3914.05,3914.96,3915.48,3912.18,33.128
1405132020,0,0,3914.96,3917,3917,3914.13,17.181
1405132080,0,0,3916.9,3913,3917.99,3913,124.614
1405132140,0,0,3913,3913.99,3917.98,3912.11,46.904
1405132200,0,0,3913.72,3912.15,3913.99,3912,51.226
1405132260,0,0,3912.2,3911,3912.2,3911,121.29
1405132320,0,0,3911,3910.56,3911,3908.02,58.6746
1405132380,0,0,3910,3912.88,3913,3910,55.227
1405132440,0,0,3911.86,3912.26,3913.3,3911.86,12.977
1405132500,0,0,3912.22,3912.51,3913,3911.98,46.491
1405132560,0,0,3912.99,3909.99,3913.01,3909.99,56.516
1405132620,0,0,3910,3909.33,3910.92,3909.03,18.147
1405132680,0,0,3908.8,3910,3910.99,3906.6,61.6566
1405132740,0,0,3910,3909.75,3912.22,3909.67,76.82
1405132800,0,0,3909.67,3906.46,3909.67,3906.46,48.815
1405132860,0,0,3906.44,3907.12,3907.47,3905.64,58.055
1405132920,0,0,3907.22,3909.67,3912.96,3907.22,40.158
1405132980,0,0,3909.67,3911.09,3912,3908.9,19.606
1405133040,0,0,3911.08,3910.85,3911.97,3910.38,52.572
1405133100,0,0,3911.12,3910.8,3911.12,3910.32,19.067
1405133160,0,0,3910.82,3912.24,3914.96,3910.82,106.104
1405133220,0,0,3912.25,3913.86,3914.04,3911.3,86.721
1405133280,0,0,3913.05,3913.51,3914.86,3912.12,58.483
1405133340,0,0,3913.82,3914.03,3914.99,3913.51,30.761
1405133400,0,0,3914.03,3913.85,3914.99,3912.58,26.641
1405133460,0,0,3913.72,3913.9,3914.47,3912.6,27.9349
1405133520,0,0,3913.6,3916.15,3917,3913,71.046
1405133580,0,0,3916.02,3916,3916.02,3915.02,25.276
1405133640,0,0,3916.16,3914.91,3917,3914.03,32.786
1405133700,0,0,3914.38,3914.21,3915.53,3913.04,58.886
1405133760,0,0,3914.21,3914.87,3914.98,3913.16,14.759
1405133820,0,0,3914.1,3914.53,3914.99,3914.03,19.27
1405133880,0,0,3914.16,3914.07,3914.55,3914.03,17.463
1405133940,0,0,3914.07,3913.88,3914.07,3912.74,2.626
1405134000,0,0,3913.88,3914.97,3914.99,3913,24.34
1405134060,0,0,3914.99,3914.11,3914.99,3913.24,15.765
1405134120,0,0,3914.11,3913.18,3914.97,3911,61.353
1405134180,0,0,3913.16,3910,3914.34,3907.2,174.8602
1405134240,0,0,3910,3906.98,3910,3906.27,79.4536
1405134300,0,0,3906.97,3909,3911.945,3906.97,39.884
1405134360,0,0,3909,3909.02,3909.94,3907.1,36.06
1405134420,0,0,3909.02,3909.82,3910,3909.02,12.713
1405134480,0,0,3909.02,3908.45,3909.71,3908.1,29.6397
1405134540,0,0,3908.45,3907.96,3908.47,3906.08,16.496
1405134600,0,0,3907,3904.02,3907.96,3904,76.319
1405134660,0,0,3904.02,3903.95,3906,3903.08,46.549
1405134720,0,0,3904.09,3906.03,3906.03,3904.09,39.042
1405134780,0,0,3906.05,3905.1,3908.48,3905,34.2
1405134840,0,0,3905.19,3906.83,3906.83,3905.07,8.545
1405134900,0,0,3906.25,3908.13,3908.48,3906.19,21.317
1405134960,0,0,3908.13,3908.5,3908.99,3905.87,57.522
1405135020,0,0,3908.5,3910.34,3911.02,3908,52.044
1405135080,0,0,3910.65,3910.02,3912,3910,56.634
1405135140,0,0,3910.02,3907.89,3910.02,3906.09,26.74
1405135200,0,0,3907.89,3904.54,3907.92,3903.08,132.2602
1405135260,0,0,3905.95,3907.15,3909.53,3904.91,75.547
1405135320,0,0,3906.4,3905.98,3906.59,3904.22,36.9057
1405135380,0,0,3905.98,3906.48,3906.59,3905.98,21.685
1405135440,0,0,3906.5,3907.06,3907.14,3906.5,13.585
1405135500,0,0,3907.06,3907.28,3908.52,3906.09,39.613
1405135560,0,0,3907.28,3905,3907.3,3904.86,27.963
1405135620,0,0,3904.91,3903.21,3904.96,3902.8,56.125
1405135680,0,0,3903.19,3902.11,3903.67,3901.08,54.084
1405135740,0,0,3902.11,3900.8,3902.11,3898,109.769
1405135800,0,0,3900.79,3899.41,3900.79,3898.13,52.219
1405135860,0,0,3898.99,3893.99,3899.49,3889.02,243.3949
1405135920,0,0,3894.77,3895.97,3896.09,3889.97,118.874
1405135980,0,0,3895.97,3895.93,3897,3894.84,40.814
1405136040,0,0,3896.41,3895,3896.64,3894.97,66.269
1405136100,0,0,3895,3895.99,3896.92,3895,67.884
1405136160,0,0,3895.99,3893.07,3895.99,3892.33,25.19
1405136220,0,0,3893.07,3892.64,3893.16,3892.47,46.631
1405136280,0,0,3892.01,3891.08,3892.54,3891.05,55.945
1405136340,0,0,3891.08,3890,3891.09,3889.7,110.718
1405136400,0,0,3890.05,3891.56,3892.54,3889.92,82.686
1405136460,0,0,3891.56,3891.58,3892.64,3891.2,79.063
1405136520,0,0,3891.79,3894.2,3894.2,3891.56,37.117
1405136580,0,0,3894.18,3897.59,3900,3891.2,262.9559
1405136640,0,0,3897.59,3894.33,3897.59,3893.19,80.9429
1405136700,0,0,3894.31,3895.96,3896,3893.46,42.421
1405136760,0,0,3896,3895,3897,3893.47,51.866
1405136820,0,0,3895,3896.2,3896.22,3895,7.061
1405136880,0,0,3895.84,3896.21,3898,3893.1,43.893
1405136940,0,0,3897.49,3898.97,3899,3896.23,52.376
1405137000,0,0,3898.45,3900.08,3904,3898.44,51.217
1405137060,0,0,3900.99,3899.99,3901,3898.62,43.162
1405137120,0,0,3899.92,3901.24,3904,3899.05,149.6575
1405137180,0,0,3901.24,3901.91,3902.47,3901.08,51.927
1405137240,0,0,3901.9,3904.88,3906.44,3900,77.544
1405137300,0,0,3904.06,3900.77,3904.19,3899.17,21.97
1405137360,0,0,3900.16,3899.34,3900.93,3898.55,71.019
1405137420,0,0,3899.35,3899.34,3900.32,3899.21,11.031
1405137480,0,0,3899.34,3900,3900.91,3899.21,6.107
1405137540,0,0,3899.98,3900,3900,3899.51,13.846
1405137600,0,0,3899.98,3899.25,3900,3899.21,46.273
1405137660,0,0,3899.31,3901.56,3901.58,3899.28,25.901
1405137720,0,0,3901.96,3904.38,3904.99,3901.96,43.6233
1405137780,0,0,3904.96,3907.03,3908.02,3904.58,49.569
1405137840,0,0,3907.87,3908.14,3909.53,3907,68.828
1405137900,0,0,3908.13,3908.04,3909.02,3907,33.638
1405137960,0,0,3907.79,3904.95,3907.79,3904.55,30.277
1405138020,0,0,3904.95,3899.11,3904.95,3899.04,53.999
1405138080,0,0,3899.09,3898.53,3900.78,3898.53,31.383
1405138140,0,0,3898.53,3894.54,3898.55,3892.08,120.668
1405138200,0,0,3894.08,3894.33,3895.73,3892.91,74.884
1405138260,0,0,3894.33,3894.49,3897.66,3892,57.607
1405138320,0,0,3894.1,3892.22,3894.1,3892.02,122.057
1405138380,0,0,3892.25,3894.12,3895,3892.02,29.238
1405138440,0,0,3894.81,3897.17,3897.17,3894.52,16.991
1405138500,0,0,3897.17,3896.51,3899.48,3896.51,109.349
1405138560,0,0,3896.48,3893.63,3896.48,3892.18,26.683
1405138620,0,0,3893.1,3890.12,3893.1,3890.12,73.263
1405138680,0,0,3890.99,3890.12,3891.79,3890.06,97.345
1405138740,0,0,3890.15,3890.98,3891.09,3890,61.886
1405138800,0,0,3890.91,3890.3,3891.77,3890.11,28.088
1405138860,0,0,3890.32,3892.08,3892.08,3890.32,19.635
1405138920,0,0,3892.1,3894.14,3894.14,3892.1,4.651
1405138980,0,0,3894,3895.98,3895.99,3894,12.938
1405139040,0,0,3895.63,3893.92,3896.6,3893.89,39.317
1405139100,0,0,3893.1,3892.54,3893.75,3892.08,17.612
1405139160,0,0,3892.08,3890,3894.21,3890,87.38
1405139220,0,0,3889.96,3888.67,3890.22,3886.74,45.755
1405139280,0,0,3888.02,3886.93,3888.02,3886.08,57.936
1405139340,0,0,3886.93,3887.22,3889.15,3886.1,35.538
1405139400,0,0,3887.28,3886.1,3887.28,3886.1,72.375
1405139460,0,0,3886.3,3885.02,3886.3,3883,66.825
1405139520,0,0,3884.7,3886,3886.1,3884.15,55.03
1405139580,0,0,3886.1,3887.23,3887.32,3885.75,69.269
1405139640,0,0,3887.32,3887.25,3887.63,3886.04,38.99
1405139700,0,0,3887.26,3887.71,3888.18,3886.9,8.868
1405139760,0,0,3888,3888.7,3889.99,3888,9.613
1405139820,0,0,3888.7,3887.26,3888.7,3887,21.549
1405139880,0,0,3887.5,3888,3888,3887.27,7.263
1405139940,0,0,3888.37,3886.93,3888.37,3886.12,20.965
1405140000,0,0,3886.52,3886.65,3886.99,3886,59.014
1405140060,0,0,3886.99,3887.5,3887.7,3886.93,3.029
1405140120,0,0,3887.36,3886.5,3887.36,3884.98,57.463
1405140180,0,0,3886.5,3886,3888,3886,33.747
1405140240,0,0,3885.99,3886.99,3887,3885.98,20.22
1405140300,0,0,3886.99,3887,3887,3886.1,15.259
1405140360,0,0,3887,3886.1,3887,3886,32.881
1405140420,0,0,3886.15,3886.18,3886.18,3885.98,7.944
1405140480,0,0,3886.18,3887.04,3887.26,3886.14,16.114
1405140540,0,0,3887.04,3887.26,3887.35,3886.6,7.475
1405140600,0,0,3887.26,3887,3887.55,3886.98,15.897
1405140660,0,0,3887.54,3887,3888.5,3886.98,6.86
1405140720,0,0,3887,3887.7,3887.7,3886.98,3.662
1405140780,0,0,3887.7,3887.01,3887.7,3885,21.735
1405140840,0,0,3887.01,3885,3887.01,3884.76,13.127
1405140900,0,0,3885.93,3884.31,3885.96,3884,46.923
1405140960,0,0,3884.78,3884.24,3886.17,3884,35.833
1405141020,0,0,3884.22,3884.28,3884.93,3883.7,21.09
1405141080,0,0,3884.28,3884.32,3884.81,3884.28,6.309
1405141140,0,0,3884.3,3883.7,3884.97,3883.7,29.8454
1405141200,0,0,3883.72,3882.99,3883.98,3882.99,2.558
1405141260,0,0,3883.5,3885.5,3886.5,3883.5,39.401
1405141320,0,0,3886.33,3887.54,3887.54,3885,47.71
1405141380,0,0,3887.26,3890.97,3890.97,3887.26,58.495
1405141440,0,0,3890.97,3893,3893,3890.04,72.568
1405141500,0,0,3893.02,3891.62,3893.02,3890.1,47.384
1405141560,0,0,3891.62,3891.27,3894,3890.1,57.957
1405141620,0,0,3891.61,3893.66,3893.98,3891.5,11.7481
1405141680,0,0,3892.53,3894.54,3894.98,3892.41,17.033
1405141740,0,0,3894.97,3893.03,3895,3893,19.863
1405141800,0,0,3892.7,3892.51,3893.02,3892.33,11.801
1405141860,0,0,3892.33,3887.56,3892.33,3887.56,47.438
1405141920,0,0,3887.99,3888.87,3890.02,3887.56,17.629
1405141980,0,0,3889.39,3888.86,3890.04,3888.82,13.408
1405142040,0,0,3888.86,3890.12,3892.64,3888.7,15.314
1405142100,0,0,3890.05,3890.99,3891.85,3889,23.583
1405142160,0,0,3891,3889.25,3891.54,3889,7.07
1405142220,0,0,3888.98,3887,3892.94,3887,12.715
1405142280,0,0,3887.1,3888.62,3889.35,3885.75,28.199
1405142340,0,0,3888.62,3888.8,3889.42,3887.7,10.05
1405142400,0,0,3888.8,3886.8,3889.92,3886.75,19.16
1405142460,0,0,3886.8,3885.08,3887.38,3885,35.349
1405142520,0,0,3885.08,3885.59,3887.31,3885.02,16.484
1405142580,0,0,3885.79,3885.34,3885.83,3885.18,27.395
1405142640,0,0,3885.02,3885.09,3885.25,3884.72,16.309
1405142700,0,0,3885.09,3885.12,3885.8,3885.09,18.278
1405142760,0,0,3885.8,3886.62,3887.02,3885.11,5.727
1405142820,0,0,3886.14,3886.92,3887.2,3886.14,3.476
1405142880,0,0,3886.9,3887.04,3887.88,3886.26,12.536
1405142940,0,0,3887.04,3888.39,3888.4,3887,32.003
1405143000,0,0,3887.52,3888.98,3888.99,3887.52,17.455
1405143060,0,0,3888.98,3887.09,3888.99,3887.09,14.896
1405143120,0,0,3887.12,3886.11,3887.12,3885.73,29.3069
1405143180,0,0,3886.11,3886.81,3886.91,3886.11,2.255
1405143240,0,0,3886.81,3886.96,3887.05,3886.8,4.667
1405143300,0,0,3887.25,3887.4,3887.44,3886.6,3.55
1405143360,0,0,3887.02,3887.38,3887.38,3887,3.14
1405143420,0,0,3887.38,3887.05,3888,3887.02,12.416
1405143480,0,0,3887.87,3887.99,3888.52,3887.35,14.6724
1405143540,0,0,3887.99,3889.81,3889.92,3887.97,15.963
1405143600,0,0,3889.81,3887.31,3889.81,3886.02,35.909
1405143660,0,0,3887.31,3886.49,3889.31,3886,13.976
1405143720,0,0,3886.02,3885.11,3886.02,3885.11,29.311
1405143780,0,0,3885.13,3885.01,3885.94,3885,18.682
1405143840,0,0,3885.02,3884.71,3885.02,3883.59,11.339
1405143900,0,0,3884.64,3882.78,3884.64,3882.78,22.47
1405143960,0,0,3882.68,3881.41,3882.85,3881,90.396
1405144020,0,0,3881.78,3882.29,3882.29,3881,25.727
1405144080,0,0,3882.32,3881.98,3882.56,3881.69,9.831
1405144140,0,0,3881.98,3880.8,3882.03,3880.8,27.773
1405144200,0,0,3880.8,3879.46,3880.9,3879.46,65.501
1405144260,0,0,3879.49,3878.28,3879.55,3877.93,50.575
1405144320,0,0,3879.47,3878.3,3879.53,3878.28,20.824
1405144380,0,0,3878.9,3880,3885.22,3878.9,38.389
1405144440,0,0,3880,3880.1,3880.47,3879.88,30.892
1405144500,0,0,3880.45,3880.39,3880.45,3879.88,11.007
1405144560,0,0,3879.99,3880.43,3882,3879.55,24.033
1405144620,0,0,3880.35,3880.15,3880.48,3879.07,21.596
1405144680,0,0,3880.16,3881.92,3881.98,3880.01,8.301
1405144740,0,0,3881.92,3883.88,3885,3881.9,37.147
1405144800,0,0,3883.58,3881.64,3883.58,3881.64,29.364
1405144860,0,0,3881.64,3880,3881.64,3880,22.017
1405144920,0,0,3880.13,3880.58,3880.58,3879.34,16.302
1405144980,0,0,3880.66,3880.62,3881.04,3879.92,4.14
1405145040,0,0,3880.62,3883.09,3883.09,3879.01,36.38
1405145100,0,0,3882.57,3883,3883,3881.75,9.839
1405145160,0,0,3883,3881.81,3883,3880.9,20.604
1405145220,0,0,3881.81,3882.85,3882.91,3881.81,1.261
1405145280,0,0,3882.8,3883.15,3883.51,3882,22.529
1405145340,0,0,3883.56,3885.36,3885.36,3883.56,46.487
1405145400,0,0,3885.56,3885.62,3887,3885.02,25.431
1405145460,0,0,3885.62,3886.74,3887,3885.35,16.7844
1405145520,0,0,3886.74,3887.29,3887.3,3886.74,9.112
1405145580,0,0,3886.93,3886.66,3887.04,3886,63.703
1405145640,0,0,3886.65,3885.33,3886.7,3885.33,35.057
1405145700,0,0,3885.33,3886.9,3886.9,3885.33,8.591
1405145760,0,0,3886.9,3888.86,3888.86,3886.9,22.17
1405145820,0,0,3888.06,3887.67,3889.16,3887.56,2.542
1405145880,0,0,3887.72,3887.93,3887.93,3886.99,9.146
1405145940,0,0,3888,3887.53,3888.46,3887.15,32.0009
1405146000,0,0,3887.14,3886.83,3887.19,3886.83,6.911
1405146060,0,0,3886.67,3884.06,3886.67,3884,37.647
1405146120,0,0,3884.02,3885,3885.22,3884,9.017
1405146180,0,0,3885.22,3877.24,3889.55,3865,362.5142
1405146240,0,0,3878.45,3871.78,3878.45,3865.12,137.209
1405146300,0,0,3871.78,3869,3872,3865,169.2992
1405146360,0,0,3869,3873.36,3875,3868.66,214.352
1405146420,0,0,3873.37,3872.06,3876,3870,88.016
1405146480,0,0,3872.14,3872.37,3873.01,3870.99,49.617
1405146540,0,0,3872.05,3871.66,3872.06,3871,37.173
1405146600,0,0,3872,3873.75,3874.13,3871.66,14.8497
1405146660,0,0,3873.75,3871.81,3874.24,3871.81,19.207
1405146720,0,0,3871.78,3872,3872.41,3870.93,49.873
1405146780,0,0,3872.03,3872.12,3872.94,3871.93,4.836
1405146840,0,0,3872.78,3874.54,3874.85,3872.77,24.004
1405146900,0,0,3874.51,3875.04,3875.93,3874.51,21.926
1405146960,0,0,3875.72,3874.58,3875.72,3873.04,30.914
1405147020,0,0,3874.58,3874.25,3876.44,3874.25,27.239
1405147080,0,0,3874.25,3874.09,3874.25,3873.8,10.618
1405147140,0,0,3874.07,3873.97,3874.86,3873.97,25.166
1405147200,0,0,3873.97,3872.05,3874,3872.05,12.662
1405147260,0,0,3872.05,3871.05,3872.05,3870,98.241
1405147320,0,0,3871.05,3872.46,3872.99,3871.05,14.511
1405147380,0,0,3872.92,3872.66,3873.46,3872.46,4.236
1405147440,0,0,3872.07,3873,3873.59,3871.36,7.78
1405147500,0,0,3872.88,3873.78,3874.12,3872.05,20.399
1405147560,0,0,3873.78,3872.13,3876.44,3872.13,29.68
1405147620,0,0,3873.96,3870.08,3874.97,3869.73,86.7619
1405147680,0,0,3870.05,3872.09,3873,3870.05,24.1576
1405147740,0,0,3872.93,3873.45,3873.46,3871.34,14.266
1405147800,0,0,3872.99,3872.82,3873.58,3872.07,34.332
1405147860,0,0,3872.07,3874,3874,3871.63,11.191
1405147920,0,0,3874,3873.97,3874.01,3873.94,1.628
1405147980,0,0,3873.97,3872.52,3874.01,3872.52,21.825
1405148040,0,0,3872.52,3874.99,3875.17,3872.06,90.036
1405148100,0,0,3874.99,3874.71,3874.99,3873.94,29.068
1405148160,0,0,3874.04,3873.69,3874.85,3873.69,21.671
1405148220,0,0,3873.69,3874.85,3875.16,3873.69,15.449
1405148280,0,0,3874.85,3876.09,3876.45,3874.22,20.47
1405148340,0,0,3876.44,3874.68,3878.45,3874.15,31.799
1405148400,0,0,3874.15,3874.63,3874.68,3874.02,3.422
1405148460,0,0,3874.63,3875.45,3875.46,3873.98,7.624
1405148520,0,0,3876.33,3875.18,3876.36,3873.6,21.522
1405148580,0,0,3875.11,3874.62,3875.9,3873.82,48.297
1405148640,0,0,3874.5,3875.52,3875.52,3873.62,11.782
1405148700,0,0,3875.51,3875.62,3875.62,3875.02,1.91
1405148760,0,0,3875.62,3875.99,3875.99,3875.62,0.983
1405148820,0,0,3876.21,3880.44,3880.44,3875.11,40.934
1405148880,0,0,3880.54,3883.43,3887.55,3880.54,167.47
1405148940,0,0,3882.97,3887.94,3889.24,3882.5,37.719
1405149000,0,0,3887.94,3888,3889,3887,99.761
1405149060,0,0,3888.49,3887.89,3889.99,3886.42,114.396
1405149120,0,0,3886.87,3887,3887.89,3886.36,68.5874
1405149180,0,0,3887.05,3887.46,3887.46,3886.36,27.585
1405149240,0,0,3887.02,3887.38,3887.46,3887,4.734
1405149300,0,0,3887.38,3887.48,3887.68,3887.1,17.34
1405149360,0,0,3887.11,3885,3887.34,3885,28.533
1405149420,0,0,3884.46,3885,3885,3883.53,25.971
1405149480,0,0,3884.41,3883.88,3884.97,3883,16.186
1405149540,0,0,3883.88,3882,3883.9,3880.08,84.5644
1405149600,0,0,3882,3882.52,3883.8,3881.51,48.719
1405149660,0,0,3883.35,3880.08,3883.8,3880.08,38.168
1405149720,0,0,3881.36,3878.9,3882,3878.6,83.51
1405149780,0,0,3878.91,3878.96,3879,3877,85.1306
1405149840,0,0,3879,3878.02,3880,3877.91,52.9837
1405149900,0,0,3878.66,3879.99,3880,3878.17,59.0312
1405149960,0,0,3879.99,3879.99,3879.99,3879.29,5.817
1405150020,0,0,3879.99,3883.32,3884.3,3879.99,75.568
1405150080,0,0,3883.32,3884,3884.3,3882.28,19.677
1405150140,0,0,3884,3882.44,3884.98,3880.21,25.99
1405150200,0,0,3882.58,3881.77,3882.94,3880.21,32.715
1405150260,0,0,3881.75,3881.18,3883.56,3881.18,56.7617
1405150320,0,0,3881.51,3880.01,3881.98,3880.01,26.163
1405150380,0,0,3880.79,3880,3880.86,3880,25.441
1405150440,0,0,3880.56,3880,3880.88,3879.14,44.687
1405150500,0,0,3879.14,3879.16,3881.96,3879,56.374
1405150560,0,0,3879.14,3880.71,3880.77,3879,29.966
1405150620,0,0,3880.71,3879.27,3880.99,3879.27,14.2343
1405150680,0,0,3880.12,3881.07,3881.07,3879.27,21.894
1405150740,0,0,3881.09,3883.1,3884,3881.07,67.814
1405150800,0,0,3883.12,3882.39,3884.05,3882.05,28.26
1405150860,0,0,3882.41,3882.97,3883.33,3882.39,10.986
1405150920,0,0,3882.97,3882.22,3882.97,3882,2.355
1405150980,0,0,3882.95,3883.05,3883.56,3881.46,51.62
1405151040,0,0,3882.86,3883.01,3883.49,3882.42,8.287
1405151100,0,0,3883.02,3883.02,3883.69,3882.19,41.8665
1405151160,0,0,3883.12,3882.06,3883.38,3882.02,17.98
1405151220,0,0,3882.1,3881.51,3882.86,3881.51,20.687
1405151280,0,0,3881.4,3880.17,3881.94,3880.1,33.864
1405151340,0,0,3880.12,3880,3880.96,3880,21.866
1405151400,0,0,3880,3880.58,3880.58,3880,29.528
1405151460,0,0,3880.61,3880.97,3881.51,3880.59,21.352
1405151520,0,0,3880.97,3879.66,3880.97,3879.66,18.129
1405151580,0,0,3879.66,3877.6,3880.82,3876.15,47.708
1405151640,0,0,3877.69,3876.05,3878.41,3876.05,31.262
1405151700,0,0,3876.87,3874.96,3878.97,3874,75.298
1405151760,0,0,3874.96,3874.96,3874.98,3871,45.261
1405151820,0,0,3874.95,3874.02,3875,3873,56.974
1405151880,0,0,3874.02,3874.04,3874.34,3873,34.037
1405151940,0,0,3874.04,3873.96,3874.1,3873.57,26.707
1405152000,0,0,3873.84,3873.7,3874,3872.01,77.5887
1405152060,0,0,3873.05,3872.82,3873.09,3872,37.389
1405152120,0,0,3872.04,3872,3872.84,3870.37,65.077
1405152180,0,0,3871.36,3871.87,3872.39,3870,92.4853
1405152240,0,0,3871.87,3871.94,3872.24,3870.56,25.494
1405152300,0,0,3871.94,3873,3875,3871.66,37.27
1405152360,0,0,3873,3874.16,3875.05,3873,35.666
1405152420,0,0,3874.16,3874,3874.97,3873.45,25.392
1405152480,0,0,3874,3874.04,3874.04,3873.24,13.104
1405152540,0,0,3874.25,3874.55,3875,3874.04,3.659
1405152600,0,0,3874.92,3874.15,3875.36,3874.09,25.965
1405152660,0,0,3874.96,3875,3875,3874,26.341
1405152720,0,0,3874.99,3875.71,3875.93,3874.19,18.668
1405152780,0,0,3875.71,3874.98,3875.71,3874,13.996
1405152840,0,0,3874.98,3877.13,3877.15,3874.96,30.005
1405152900,0,0,3877.15,3875.11,3877.15,3875,25.332
1405152960,0,0,3875.94,3875.75,3876.94,3875.17,25.297
1405153020,0,0,3875.51,3876.67,3876.7,3875.51,10.605
1405153080,0,0,3876.67,3876.67,3876.67,3876.67,0.04
1405153140,0,0,3876,3876.94,3876.94,3875.97,15.812
1405153200,0,0,3876.52,3875.93,3876.52,3875.93,3.067
1405153260,0,0,3875.51,3875.03,3876,3875,4.509
1405153320,0,0,3875.19,3874.02,3875.21,3874.02,10.544
1405153380,0,0,3874.02,3873.02,3874.04,3873,39.694
1405153440,0,0,3873.01,3871.96,3873.01,3871.75,23.12
1405153500,0,0,3871.96,3871,3872.36,3870.11,62.82
1405153560,0,0,3871.02,3871.06,3871.06,3871,18.208
1405153620,0,0,3871.06,3872,3872.9,3871.06,6.899
1405153680,0,0,3872,3872.2,3872.9,3872,1.547
1405153740,0,0,3872.1,3871.88,3872.1,3870.13,25.918
1405153800,0,0,3871.99,3871.34,3872.03,3870.47,24.697
1405153860,0,0,3872,3872.28,3872.28,3871.32,15.797
1405153920,0,0,3872.26,3873.05,3873.05,3872,18.71
1405153980,0,0,3873.05,3874.99,3874.99,3873.05,5.096
1405154040,0,0,3875,3875,3875.99,3874.2,14.597
1405154100,0,0,3874.96,3874.22,3875.84,3873.97,72.1917
1405154160,0,0,3874.05,3873.12,3874.05,3873.05,10.648
1405154220,0,0,3873.12,3874.91,3874.98,3873.12,6.953
1405154280,0,0,3874.89,3875.8,3875.9,3874.89,9.448
1405154340,0,0,3875.89,3875.84,3875.9,3874.63,1.939
1405154400,0,0,3875.89,3875.5,3875.99,3875.5,20.183
1405154460,0,0,3875.52,3875.52,3875.52,3875.01,13.253
1405154520,0,0,3875.01,3875.54,3875.54,3875.01,5.012
1405154580,0,0,3875.67,3875.98,3875.99,3874.4,28.779
1405154640,0,0,3875.98,3875.89,3876,3874.98,14.198
1405154700,0,0,3875.15,3875.96,3876.23,3874.69,51.427
1405154760,0,0,3875.96,3876.25,3876.25,3875.88,4.676
1405154820,0,0,3876.25,3876.96,3876.98,3876.25,0.922
1405154880,0,0,3876.9,3878.16,3879.99,3873,47.985
1405154940,0,0,3877.9,3878.84,3879.99,3877.85,21.917
1405155000,0,0,3878.85,3877.09,3880,3877.09,57.093
1405155060,0,0,3877.04,3877.22,3878.24,3875,29.948
1405155120,0,0,3877.78,3876.94,3877.8,3876.45,36.3167
1405155180,0,0,3876.94,3877.8,3877.8,3876.7,0.659
1405155240,0,0,3877.77,3876.99,3877.8,3876.67,24.835
1405155300,0,0,3876.71,3877.65,3877.78,3876.71,13.118
1405155360,0,0,3877.65,3876.98,3877.65,3876.69,11.88
1405155420,0,0,3876.96,3877.78,3877.78,3876.06,14.527
1405155480,0,0,3877,3876.05,3877.5,3876.05,3.551
1405155540,0,0,3876.97,3875.86,3876.97,3875,26.164
1405155600,0,0,3875.81,3874.5,3875.83,3874.2,13.981
1405155660,0,0,3874.5,3874.22,3874.5,3873.11,11.482
1405155720,0,0,3873.98,3873.96,3873.98,3873.2,9.456
1405155780,0,0,3873.32,3874.44,3874.53,3873,60.5
1405155840,0,0,3874.44,3871.4,3874.44,3870.82,91.2741
1405155900,0,0,3871.31,3872.11,3872.62,3870.93,13.567
1405155960,0,0,3872.11,3872.97,3873,3872,14.015
1405156020,0,0,3872.91,3872.94,3873,3871.44,22.694
1405156080,0,0,3872.85,3872.04,3873.06,3871,71.7842
1405156140,0,0,3872.73,3871.97,3872.73,3871.02,6.3175
1405156200,0,0,3871.32,3872.91,3873.1,3871.32,16.887
1405156260,0,0,3872.91,3873.1,3873.21,3872.91,1.148
1405156320,0,0,3873,3873.5,3873.89,3872.91,5.402
1405156380,0,0,3873.5,3872.59,3873.9,3872.59,17.875
1405156440,0,0,3873,3873.61,3873.91,3872.97,12.093
1405156500,0,0,3873.6,3874.96,3874.98,3873.28,3.851
1405156560,0,0,3874.97,3874.37,3875,3874.37,43.853
1405156620,0,0,3874.51,3874.96,3875.14,3873.82,32.443
1405156680,0,0,3874.15,3874.99,3875.65,3873.82,60.461
1405156740,0,0,3874.99,3874.73,3875.66,3874.73,36.019
1405156800,0,0,3874.63,3873.94,3874.63,3873.91,9.628
1405156860,0,0,3873.94,3874.82,3874.88,3873.92,10.433
1405156920,0,0,3874.82,3874.9,3874.9,3874.82,0.252
1405156980,0,0,3874.89,3874.9,3874.9,3874.89,0.31
1405157040,0,0,3874.56,3874.89,3874.9,3874.5,5.911
1405157100,0,0,3874.89,3874.77,3874.9,3874.5,7.865
1405157160,0,0,3874.8,3875.98,3875.98,3874.5,18.219
1405157220,0,0,3875.97,3875.88,3877.43,3875.85,6.571
1405157280,0,0,3875.88,3876,3876.78,3875.88,8.321
1405157340,0,0,3876,3875.96,3876.78,3875.73,18.406
1405157400,0,0,3875.96,3876.86,3877,3875.96,13.812
1405157460,0,0,3876.86,3877,3877,3876,13.457
1405157520,0,0,3876.33,3877,3877,3876.31,9.78
1405157580,0,0,3877.05,3877.27,3877.31,3877.05,6.486
1405157640,0,0,3877.27,3877.02,3877.27,3877.02,0.612
1405157700,0,0,3877.23,3876.99,3877.23,3876.68,7.066
1405157760,0,0,3876.99,3876.99,3876.99,3876.99,0.25
1405157820,0,0,3876.99,3876.16,3877,3876.12,4.219
1405157880,0,0,3876.16,3876.6,3876.6,3876,14.575
1405157940,0,0,3876.62,3876.64,3876.64,3876,3.105
1405158000,0,0,3876.64,3876.91,3877,3876.02,6.773
1405158060,0,0,3876.91,3877.04,3877.05,3876.04,2.521
1405158120,0,0,3877.04,3876.4,3877.48,3876.31,13.602
1405158180,0,0,3876.8,3877.67,3877.67,3876.4,0.556
1405158240,0,0,3877.62,3877.03,3877.62,3876.9,9.641
1405158300,0,0,3877.03,3876.9,3877.46,3876.42,2.652
1405158360,0,0,3876.42,3876.4,3876.83,3876.39,7.996
1405158420,0,0,3876.4,3876.56,3876.58,3876.4,1.275
1405158480,0,0,3876.56,3876.03,3876.78,3876.02,19.208
1405158540,0,0,3876.79,3876.1,3876.79,3876.07,4.193
1405158600,0,0,3876.78,3877.99,3877.99,3876.1,34.6737
1405158660,0,0,3877.99,3883.96,3883.96,3877.99,58.22
1405158720,0,0,3882.26,3881.63,3883.39,3881,33.445
1405158780,0,0,3882.2,3882.5,3882.5,3879.48,21.548
1405158840,0,0,3882.5,3884.76,3884.85,3881.99,31.242
1405158900,0,0,3884.34,3884.96,3885.98,3883.98,65.189
1405158960,0,0,3884.97,3885,3885,3884,30.851
1405159020,0,0,3885,3886,3886,3884.04,111.37
1405159080,0,0,3885.92,3888.49,3889.98,3885.92,71.176
1405159140,0,0,3888.36,3888.36,3888.51,3886.31,41.1909
1405159200,0,0,3888.33,3887.6,3889,3887.53,29.689
1405159260,0,0,3887.6,3886.96,3888,3886.31,25.732
1405159320,0,0,3886.33,3882,3886.98,3881.98,56.006
1405159380,0,0,3881.98,3885.86,3885.91,3881.98,45.637
1405159440,0,0,3885.86,3885.87,3885.92,3884.3,34.9574
1405159500,0,0,3885.87,3884.94,3885.87,3884.17,12.34
1405159560,0,0,3884.24,3885.02,3885.25,3883.25,13.116
1405159620,0,0,3885.05,3885.94,3885.99,3882.02,43.997
1405159680,0,0,3885.9,3884.05,3885.9,3884.05,39.849
1405159740,0,0,3884.05,3886,3887,3884,46.074
1405159800,0,0,3886.34,3886.02,3886.79,3885.72,30.613
1405159860,0,0,3886.02,3885.55,3886.19,3885.55,7.681
1405159920,0,0,3885.55,3889.35,3893,3885.55,57.65
1405159980,0,0,3889.44,3889.01,3890,3888.38,26.801
1405160040,0,0,3889.81,3888.02,3890.05,3888,34.437
1405160100,0,0,3888.03,3888.76,3888.82,3888,11.46
1405160160,0,0,3888.72,3887.88,3888.72,3887.88,1.278
1405160220,0,0,3887.78,3888.57,3888.61,3887.15,19.128
1405160280,0,0,3888.57,3889.21,3889.95,3888.54,25.815
1405160340,0,0,3889.21,3889.86,3890.96,3888.08,25.523
1405160400,0,0,3889.08,3888.9,3890.75,3887.17,9.167
1405160460,0,0,3888.55,3885.19,3888.55,3884.49,34.236
1405160520,0,0,3885.25,3885.99,3886.02,3884.08,3.735
1405160580,0,0,3885.9,3886.76,3886.81,3885.84,2.904
1405160640,0,0,3886.28,3884.07,3886.76,3884.07,38.5188
1405160700,0,0,3885,3884.61,3885.1,3884.09,12.267
1405160760,0,0,3885.21,3884.83,3885.88,3882.02,18.906
1405160820,0,0,3885.05,3884.98,3885.97,3884.07,15.198
1405160880,0,0,3884.96,3885.94,3885.97,3884.96,35.39
1405160940,0,0,3885.14,3885.09,3885.94,3884.96,6.549
1405161000,0,0,3885,3885,3885.39,3885,0.432
1405161060,0,0,3885,3885.16,3886,3885,6.074
1405161120,0,0,3885.16,3886.98,3886.99,3885.16,29.6827
1405161180,0,0,3886.98,3887.4,3889,3886.98,29.554
1405161240,0,0,3887.09,3886.16,3887.42,3886.15,9.6251
1405161300,0,0,3886.16,3886.08,3886.61,3885.2,10.918
1405161360,0,0,3886.08,3886.88,3886.99,3886.08,2.747
1405161420,0,0,3886.86,3886.34,3886.86,3886.27,5.724
1405161480,0,0,3886.2,3885.03,3886.97,3885.01,5.543
1405161540,0,0,3885.61,3886.35,3886.35,3884.51,50.24
1405161600,0,0,3886.84,3885,3886.84,3885,10.309
1405161660,0,0,3885.02,3885,3886,3885,22.605
1405161720,0,0,3884.3,3876.39,3885.95,3871.06,172.9937
1405161780,0,0,3875.99,3879.13,3879.13,3874.28,40.499
1405161840,0,0,3879.98,3876.7,3880.47,3876,13.545
1405161900,0,0,3876.67,3877.67,3878.62,3876.67,22.012
1405161960,0,0,3877.68,3877.75,3878.61,3876.88,10.009
1405162020,0,0,3877.5,3877.92,3877.92,3877.02,0.338
1405162080,0,0,3877.14,3877.21,3877.98,3877.12,2.533
1405162140,0,0,3877.12,3876.92,3877.19,3876.07,3.78
1405162200,0,0,3876.1,3875.54,3876.1,3875.53,12.231
1405162260,0,0,3875.54,3876,3876,3875.53,4.633
1405162320,0,0,3875.62,3877.13,3884,3875.59,37.789
1405162380,0,0,3876.38,3877.87,3878.03,3876.38,1.794
1405162440,0,0,3877.87,3878.93,3879.42,3877.87,5.626
1405162500,0,0,3878.66,3878.97,3879.4,3878.19,2.851
1405162560,0,0,3878.19,3878.11,3878.64,3877.07,3.706
1405162620,0,0,3878.23,3876.95,3878.23,3876.9,15.376
1405162680,0,0,3876.95,3876.08,3876.99,3875.95,16.353
1405162740,0,0,3876.08,3876.7,3876.9,3876.08,7.156
1405162800,0,0,3876.27,3875.9,3876.64,3875.88,11.082
1405162860,0,0,3875.87,3876.09,3876.1,3875.54,22.537
1405162920,0,0,3876.08,3876.07,3876.08,3875.53,4.667
1405162980,0,0,3876.06,3875.28,3876.06,3875.28,3.866
1405163040,0,0,3875.28,3875,3875.5,3875,22.141
1405163100,0,0,3875.03,3875.1,3876.02,3875.03,10.758
1405163160,0,0,3875.98,3877.05,3877.05,3875.93,9.2
1405163220,0,0,3877.8,3877.04,3878,3877.04,6.44
1405163280,0,0,3877.05,3877.06,3878,3877.04,3.522
1405163340,0,0,3877.06,3877.68,3877.75,3877.06,0.71
1405163400,0,0,3877.68,3877.6,3877.68,3876.15,1.91
1405163460,0,0,3877.63,3877.95,3877.99,3877.02,4.567
1405163520,0,0,3877.99,3877.42,3877.99,3876.15,12.5592
1405163580,0,0,3877.51,3878.09,3878.9,3876.8,9.842
1405163640,0,0,3878.73,3878.09,3878.74,3878.09,0.195
1405163700,0,0,3878.7,3878.09,3878.7,3878.09,0.373
1405163760,0,0,3878.09,3878.63,3878.65,3878.09,2.778
1405163820,0,0,3878.63,3878.02,3878.67,3877.66,1.772
1405163880,0,0,3878.02,3877.96,3878.61,3877.05,14.0068
1405163940,0,0,3877.96,3877.97,3878,3877.16,11.616
1405164000,0,0,3877.97,3877.96,3877.97,3877.96,0.574
1405164060,0,0,3877.24,3877.94,3877.96,3877.18,0.514
1405164120,0,0,3877.94,3878.01,3878.05,3877.94,5.159
1405164180,0,0,3878.67,3878.32,3878.67,3878.06,0.27
1405164240,0,0,3878.32,3878.32,3878.32,3878.32,0
1405164300,0,0,3878.63,3878.61,3878.63,3878.61,0.153
1405164360,0,0,3878.61,3879.22,3881.44,3878.3,10.263
1405164420,0,0,3879.05,3880.4,3880.4,3879.05,11.592
1405164480,0,0,3880.58,3880.4,3880.91,3880,14.175
1405164540,0,0,3880.38,3880.48,3880.98,3880,8.639
1405164600,0,0,3880.48,3881.41,3881.43,3880.07,6.405
1405164660,0,0,3881.41,3880.68,3882.98,3880.68,22.0499
1405164720,0,0,3880.87,3881.31,3881.93,3880.66,25.8775
1405164780,0,0,3881.29,3880.88,3881.29,3880.88,2.254
1405164840,0,0,3881,3880.93,3881,3880.1,1.063
1405164900,0,0,3880.93,3880.86,3880.93,3880.16,1.772
1405164960,0,0,3880.66,3879.58,3880.68,3879.03,14.86
1405165020,0,0,3879.96,3880.6,3880.82,3879.16,1.305
1405165080,0,0,3880.61,3880.01,3880.74,3880,3.793
1405165140,0,0,3880.04,3880,3880.6,3880,3.779
1405165200,0,0,3880.01,3879.05,3880.48,3879.05,1.575
1405165260,0,0,3879.05,3878.32,3879.1,3878.32,1.579
1405165320,0,0,3878.32,3878.32,3878.98,3878.3,2.162
1405165380,0,0,3878.34,3880.18,3880.48,3878.34,4.129
1405165440,0,0,3880.17,3880.8,3881.22,3880.17,6.652
1405165500,0,0,3880.8,3880.34,3880.8,3879.11,2.498
1405165560,0,0,3880.34,3880.12,3880.38,3880.12,0.557
1405165620,0,0,3880.12,3876.14,3880.12,3876,15.072
1405165680,0,0,3876.14,3877.2,3877.92,3876,13.832
1405165740,0,0,3877.32,3875.98,3877.94,3875.98,11.446
1405165800,0,0,3875.84,3876.45,3880.96,3875.84,41.327
1405165860,0,0,3876.46,3874.99,3876.46,3874.99,21.126
1405165920,0,0,3874.99,3871.15,3874.99,3871.08,63.504
1405165980,0,0,3871.95,3871.96,3873.8,3871.06,42.901
1405166040,0,0,3872.5,3872.05,3872.97,3871.96,25.289
1405166100,0,0,3872.26,3875,3876.99,3872.26,19.891
1405166160,0,0,3874.99,3874,3874.99,3873.3,12.354
1405166220,0,0,3874,3874.79,3874.87,3873.6,7.6934
1405166280,0,0,3874.99,3873.62,3875,3873.6,8.659
1405166340,0,0,3873.62,3874.84,3874.98,3873.22,13.262
1405166400,0,0,3874.84,3874.99,3875,3874.51,8.268
1405166460,0,0,3874.99,3874.56,3875,3874.55,5.423
1405166520,0,0,3874.56,3874.3,3874.56,3874.27,3.97
1405166580,0,0,3874.3,3874.65,3874.65,3874.21,20.035
1405166640,0,0,3874.65,3875.02,3875.86,3874.65,14.301
1405166700,0,0,3875.68,3874.9,3875.86,3874.73,58.2174
1405166760,0,0,3874.9,3874.9,3874.9,3874.9,0
1405166820,0,0,3875.72,3875.74,3875.75,3875.72,0.864
1405166880,0,0,3875.74,3875.79,3875.79,3875.74,1.173
1405166940,0,0,3875.24,3875.32,3875.86,3875.24,4.128
1405167000,0,0,3875.73,3875.94,3875.94,3875.73,1.55
1405167060,0,0,3875.39,3875.37,3875.9,3875.37,2.437
1405167120,0,0,3875.37,3875.52,3876.05,3875.37,3.16
1405167180,0,0,3875.35,3875.62,3875.81,3875.35,5.022
1405167240,0,0,3875.39,3875.37,3875.39,3875.35,5.002
1405167300,0,0,3875.37,3874.98,3875.37,3874.77,1.107
1405167360,0,0,3874.98,3874.75,3875,3874.75,3.429
1405167420,0,0,3874.6,3874.02,3875.26,3872,11.377
1405167480,0,0,3874.02,3873.7,3874.05,3873.7,4.952
1405167540,0,0,3873.98,3873.98,3873.98,3873.71,0.633
1405167600,0,0,3873.98,3874.41,3874.49,3873.74,8.264
1405167660,0,0,3874.5,3874.5,3874.5,3874.5,0.01
1405167720,0,0,3874.59,3875,3875.01,3874.29,3.317
1405167780,0,0,3875,3875.83,3875.83,3875,1.469
1405167840,0,0,3875.99,3876.62,3876.62,3875.99,6.137
1405167900,0,0,3876.88,3876.6,3877.74,3876.6,0.848
1405167960,0,0,3876.62,3876.01,3876.83,3875.99,12.637
1405168020,0,0,3876.52,3874.98,3876.52,3874.95,18.029
1405168080,0,0,3874.98,3874.06,3874.98,3874,15.772
1405168140,0,0,3874.86,3874.03,3874.93,3873.74,5.333
1405168200,0,0,3874.1,3874.6,3874.6,3874.1,8.09
1405168260,0,0,3874.89,3875.06,3875.99,3874.89,22.151
1405168320,0,0,3875.12,3875.12,3875.12,3875.12,0.01
1405168380,0,0,3875.07,3875.09,3875.86,3875.07,0.545
1405168440,0,0,3875.09,3875.8,3875.8,3875.06,0.65
1405168500,0,0,3875.07,3874.81,3875.07,3874.81,13.69
1405168560,0,0,3874.67,3875.09,3875.58,3874.67,20.0612
1405168620,0,0,3874.75,3875.71,3875.71,3874.75,0.577
1405168680,0,0,3874.99,3875.82,3875.82,3874.75,8.358
1405168740,0,0,3875.82,3875.68,3875.82,3875,3.431
1405168800,0,0,3875.67,3875.89,3875.93,3875.67,18.027
1405168860,0,0,3875.89,3876,3876,3875.28,10.498
1405168920,0,0,3876,3876.02,3876.05,3876,2.808
1405168980,0,0,3876.5,3876.04,3876.5,3876.04,3.842
1405169040,0,0,3876.24,3876.26,3876.84,3875.61,12.7973
1405169100,0,0,3876.26,3875.18,3876.26,3875.18,10.373
1405169160,0,0,3875.6,3875.55,3875.6,3875.2,2.668
1405169220,0,0,3875.55,3874.49,3875.58,3874.49,18.46
1405169280,0,0,3874.49,3874.47,3874.5,3874.04,12.585
1405169340,0,0,3874.02,3874.02,3874.47,3874,4.339
1405169400,0,0,3874.02,3874,3874.02,3874,0.7
1405169460,0,0,3874.02,3874.36,3874.43,3874,10.628
1405169520,0,0,3874.02,3874,3874.98,3874,31.613
1405169580,0,0,3873.98,3874,3874,3873.49,18.162
1405169640,0,0,3874,3873.96,3874.5,3873.96,17.967
1405169700,0,0,3873.96,3873.76,3874,3873.68,15.932
1405169760,0,0,3874,3873.98,3874.5,3873.18,2.903
1405169820,0,0,3873.99,3873.97,3874.72,3873.44,21.7337
1405169880,0,0,3874.5,3874.14,3875,3873.98,1.831
1405169940,0,0,3874.86,3874.91,3874.92,3874.14,0.37
1405170000,0,0,3874.91,3875.6,3875.6,3874.12,13.963
1405170060,0,0,3875.66,3879,3879,3875.66,28.617
1405170120,0,0,3878.46,3878.43,3878.82,3877.02,32.029
1405170180,0,0,3878.39,3878.94,3879,3878.36,7.109
1405170240,0,0,3878.94,3879.08,3879.94,3878.94,52.884
1405170300,0,0,3879.1,3879.86,3880,3879.09,3.547
1405170360,0,0,3879.75,3879.17,3885,3879.17,44.636
1405170420,0,0,3879.8,3881.42,3883.41,3879.17,14.186
1405170480,0,0,3882,3881.04,3883.05,3880,26.84
1405170540,0,0,3881.06,3880.79,3881.98,3880.43,10.919
1405170600,0,0,3880.83,3879.45,3880.85,3879.17,31.45
1405170660,0,0,3879.1,3878.87,3879.46,3878.36,5.784
1405170720,0,0,3878.87,3877.92,3878.87,3877.5,33.784
1405170780,0,0,3877.9,3879.9,3879.91,3877.5,17.582
1405170840,0,0,3878.5,3880.53,3880.54,3878.5,35.1795
1405170900,0,0,3880,3880.78,3881.95,3879.98,16.651
1405170960,0,0,3880.79,3879.18,3880.79,3877.83,52.934
1405171020,0,0,3879.5,3879.86,3880,3878.71,18.743
1405171080,0,0,3879.86,3878.06,3879.86,3878,17.097
1405171140,0,0,3878.06,3878.52,3878.6,3878,8.555
1405171200,0,0,3878.54,3878.33,3878.54,3878.27,4.903
1405171260,0,0,3878.33,3877.5,3878.33,3877.5,6.721
1405171320,0,0,3877.52,3877.86,3877.86,3877.52,0.17
1405171380,0,0,3877.86,3879.42,3879.43,3877.86,1.996
1405171440,0,0,3879.42,3877.72,3879.42,3877.71,43.145
1405171500,0,0,3877.72,3877.92,3878.77,3877.57,12.176
1405171560,0,0,3877.92,3878.32,3878.32,3877.92,0.32
1405171620,0,0,3878.32,3878.31,3878.32,3877.59,2.08
1405171680,0,0,3878.31,3878,3878.39,3878,22.393
1405171740,0,0,3877.5,3877.83,3877.93,3877.5,10.065
1405171800,0,0,3877.83,3877.81,3877.85,3877.81,3.17
1405171860,0,0,3877.81,3877.96,3878,3877.52,7.158
1405171920,0,0,3878,3877.02,3878,3877.02,10.018
1405171980,0,0,3877.11,3872.53,3877.11,3872,84.925
1405172040,0,0,3872.02,3871.86,3872.54,3870.52,54.825
1405172100,0,0,3871.9,3872.02,3872.98,3871.8,26.328
1405172160,0,0,3872.02,3871.77,3872.28,3870.52,43.418
1405172220,0,0,3871.78,3871.33,3873.97,3870,143.3505
1405172280,0,0,3871.24,3869.5,3872,3868,80.3924
1405172340,0,0,3869.19,3868,3871.72,3867.69,71.706
1405172400,0,0,3867.69,3858.97,3868,3858,331.195
1405172460,0,0,3859.48,3864.99,3865.91,3858.89,123.911
1405172520,0,0,3864.99,3864.85,3867.5,3864.81,66.275
1405172580,0,0,3864.85,3861.43,3864.95,3861.43,34.606
1405172640,0,0,3861.08,3860.72,3861.98,3858,101.047
1405172700,0,0,3860.61,3860.81,3861.11,3859,46.198
1405172760,0,0,3860.58,3859.84,3860.61,3858,138.5249
1405172820,0,0,3859.84,3860.9,3865,3859.12,34.672
1405172880,0,0,3861,3863.94,3866.91,3860.88,39.536
1405172940,0,0,3863.96,3867.39,3868,3863.22,52.391
1405173000,0,0,3867.41,3864.98,3867.81,3864.43,75.999
1405173060,0,0,3864.98,3863.05,3866,3863,52.623
1405173120,0,0,3863.05,3863.1,3864.18,3863.05,41.439
1405173180,0,0,3863.1,3863.42,3863.98,3861.52,82.6026
1405173240,0,0,3863.04,3863.5,3864.97,3860,80.908
1405173300,0,0,3863.52,3860,3864.75,3859.82,94.646
1405173360,0,0,3860,3858.31,3860.5,3856,146.2002
1405173420,0,0,3858.05,3856.99,3859.96,3854.26,70.5128
1405173480,0,0,3856.48,3856.63,3856.82,3854.56,70.701
1405173540,0,0,3856.5,3856.56,3856.99,3854.4,101.599
1405173600,0,0,3856.56,3860.07,3860.99,3856.02,108.7502
1405173660,0,0,3860.99,3861.53,3862.06,3859.24,27.669
1405173720,0,0,3861.64,3861.52,3862.49,3861.01,38.699
1405173780,0,0,3861.52,3864,3864,3861.04,76.639
1405173840,0,0,3863.63,3862.13,3863.63,3861,66.499
1405173900,0,0,3862.14,3858.96,3862.18,3857.11,102.37
1405173960,0,0,3858.91,3857.49,3860.56,3855,109.2121
1405174020,0,0,3857.91,3859.46,3860.75,3855.04,99.549
1405174080,0,0,3859.99,3860.82,3862.18,3859.59,45.432
1405174140,0,0,3861.88,3860.05,3861.93,3860,28.081
1405174200,0,0,3860.05,3860,3860.9,3859.62,35.278
1405174260,0,0,3860.05,3860.19,3861.07,3859.97,24.814
1405174320,0,0,3860.02,3860.15,3860.15,3858.28,32.429
1405174380,0,0,3860.17,3860.32,3860.32,3859.12,50.967
1405174440,0,0,3860.5,3862.49,3863,3860.22,8.908
1405174500,0,0,3862.49,3865,3865.41,3862.49,48.929
1405174560,0,0,3865.02,3864.05,3865.42,3864,37.683
1405174620,0,0,3864.04,3865.22,3865.79,3863.92,42.076
1405174680,0,0,3865.22,3859.72,3865.22,3859.72,140.243
1405174740,0,0,3859.91,3860.88,3865,3856.11,120.137
1405174800,0,0,3860.8,3858.98,3860.8,3857.04,157.797
1405174860,0,0,3859.77,3859.26,3860.1,3858,43.2515
1405174920,0,0,3860,3858.42,3861,3858.42,59.165
1405174980,0,0,3858.04,3858.02,3858.68,3856,70.915
1405175040,0,0,3858.02,3858.55,3859.21,3856.9,36.476
1405175100,0,0,3858.42,3858.75,3860.14,3858.1,42.896
1405175160,0,0,3858.13,3859.14,3859.55,3858.02,29.41
1405175220,0,0,3859.55,3859,3860.54,3858.99,36.4991
1405175280,0,0,3858.99,3860,3860,3857.03,40.685
1405175340,0,0,3860.13,3858.88,3860.9,3856.5,93.7887
1405175400,0,0,3858.3,3858.07,3859.97,3856.5,39.236
1405175460,0,0,3857.99,3856.15,3858,3856.04,59.066
1405175520,0,0,3856.14,3856.13,3858.31,3856,67.881
1405175580,0,0,3856.68,3858.07,3860,3855.97,76.377
1405175640,0,0,3859,3856.98,3860,3856.84,71.839
1405175700,0,0,3856.98,3856.44,3857.83,3856.01,67.4033
1405175760,0,0,3856.03,3858,3859,3856.03,47.031
1405175820,0,0,3858,3857.86,3858,3856.02,40.726
1405175880,0,0,3856.53,3856.37,3857.03,3855,47.38
1405175940,0,0,3856.39,3856.39,3857.02,3856.03,14.143
1405176000,0,0,3856.04,3855.98,3856.39,3855.01,12.209
1405176060,0,0,3855.53,3855.06,3856.75,3855,15.685
1405176120,0,0,3855.83,3856.78,3857.03,3855.04,44.476
1405176180,0,0,3856.15,3857.49,3858,3855.85,26.042
1405176240,0,0,3857.49,3863.7,3863.91,3857.49,64.812
1405176300,0,0,3863.04,3866.7,3867.22,3863.04,55.055
1405176360,0,0,3866.39,3870.47,3873.87,3866.36,158.575
1405176420,0,0,3870.04,3869.99,3871.02,3867.17,129.067
1405176480,0,0,3869.56,3869.96,3870.19,3869,53.721
1405176540,0,0,3869.96,3871,3871.06,3869.56,96.724
1405176600,0,0,3871,3872,3873.02,3870.56,90.702
1405176660,0,0,3872,3873.48,3874.14,3872,71.5517
1405176720,0,0,3873.29,3869.93,3873.31,3867.8,61.413
1405176780,0,0,3869.44,3869.11,3869.86,3866.14,83.0497
1405176840,0,0,3868.99,3868.15,3870,3868,32.035
1405176900,0,0,3868.15,3867,3868.49,3866.2,95.5626
1405176960,0,0,3867,3866.13,3867.96,3865.92,15.045
1405177020,0,0,3866.13,3866.47,3866.47,3865.65,8.992
1405177080,0,0,3865.96,3868.22,3870,3865.92,44.957
1405177140,0,0,3868.22,3866.92,3868.22,3866.83,22.944
1405177200,0,0,3867.86,3866.97,3868.11,3866.81,24.476
1405177260,0,0,3866.83,3866.83,3867.98,3866.81,11.317
1405177320,0,0,3867,3866.17,3867.02,3866,17.047
1405177380,0,0,3866.18,3865.88,3866.18,3865,18.635
1405177440,0,0,3865.92,3865.02,3865.92,3865,9.922
1405177500,0,0,3865.48,3865.9,3865.9,3865.19,16.79
1405177560,0,0,3866.15,3867.04,3867.04,3866,4.147
1405177620,0,0,3867,3866,3867.52,3865.67,25.295
1405177680,0,0,3866,3866,3866.73,3865.67,16.387
1405177740,0,0,3866,3865.43,3866.8,3865.31,28.897
1405177800,0,0,3865.43,3865.5,3866.5,3865.41,46.816
1405177860,0,0,3865.31,3864.77,3866.47,3864.47,63.301
1405177920,0,0,3864.78,3864.86,3865.49,3864.1,36.056
1405177980,0,0,3864.86,3864.96,3865,3864.54,5.893
1405178040,0,0,3864.9,3865.56,3865.97,3864.52,18.465
1405178100,0,0,3865.56,3864.02,3865.92,3864,30.393
1405178160,0,0,3864.02,3861.02,3864.88,3861,40.977
1405178220,0,0,3861,3860.43,3861.98,3860,72.699
1405178280,0,0,3860.43,3860.66,3861.87,3859.54,24.984
1405178340,0,0,3861.79,3861.96,3862.99,3860.05,39.322
1405178400,0,0,3861.96,3861.55,3862,3858,43.455
1405178460,0,0,3861.38,3861.96,3862.65,3861.16,24.979
1405178520,0,0,3861.96,3861.72,3862.16,3861.5,22.673
1405178580,0,0,3861.96,3859.55,3862,3858.4,25.48
1405178640,0,0,3859.55,3857.9,3859.86,3855.69,71.6141
1405178700,0,0,3857.89,3856.94,3857.9,3856,42.988
1405178760,0,0,3856.94,3858.07,3858.07,3856,35.601
1405178820,0,0,3858.07,3859.12,3860.06,3858.07,54.284
1405178880,0,0,3860.04,3860.97,3862,3860,41.936
1405178940,0,0,3860.87,3859.11,3860.87,3858.5,16.436
1405179000,0,0,3858.99,3858.3,3858.99,3858.3,3.02
1405179060,0,0,3858.32,3859.04,3859.49,3858.32,16.02
1405179120,0,0,3859.04,3858.07,3859.48,3858.04,52.077
1405179180,0,0,3858.07,3856.2,3858.84,3856.2,29.165
1405179240,0,0,3857.82,3853.99,3858.5,3853.12,280.598
1405179300,0,0,3853.99,3850.5,3855,3846,183.343
1405179360,0,0,3850.97,3854.12,3854.96,3848.24,73.411
1405179420,0,0,3853.33,3855.5,3855.64,3852.73,102.362
1405179480,0,0,3855.15,3855.58,3855.83,3853.93,53.486
1405179540,0,0,3855.58,3853.29,3856.24,3853.03,27.882
1405179600,0,0,3853.29,3854.02,3855.6,3853.01,65.234
1405179660,0,0,3854,3856.04,3859.52,3853.59,42.83
1405179720,0,0,3856.04,3849.96,3856.82,3848,198.405
1405179780,0,0,3849.96,3849,3849.98,3849,49.952
1405179840,0,0,3849,3849.31,3849.33,3840,259.763
1405179900,0,0,3849.33,3851.42,3851.5,3848.49,125.897
1405179960,0,0,3851.53,3852.12,3852.2,3849.99,76.151
1405180020,0,0,3852.14,3852.41,3853.02,3851.34,36.3
1405180080,0,0,3852.38,3849.96,3852.39,3849.94,40.171
1405180140,0,0,3849.94,3847.69,3849.96,3846.19,20.347
1405180200,0,0,3847.69,3847.38,3847.93,3845,49.83
1405180260,0,0,3847.36,3847.04,3848.4,3847,62.234
1405180320,0,0,3848,3844.32,3848,3843.98,63.245
1405180380,0,0,3845,3841.39,3845,3839,251.829
1405180440,0,0,3841.4,3840.01,3843.23,3837.82,77.83
1405180500,0,0,3840.08,3839.43,3840.5,3837.97,93.752
1405180560,0,0,3839.43,3840.02,3841.02,3837.82,140.707
1405180620,0,0,3840.04,3841.08,3842.5,3839,81.028
1405180680,0,0,3841.7,3843.7,3844.02,3841.12,92.032
1405180740,0,0,3843.72,3844,3845.02,3843,79.979
