20140616235700000,0,0,61.28,61.28,61.28,61.28,11.0426
20140617000000000,0,0,61.25,61.25,61.25,61.25,100.311
20140617000100000,0,0,61.26,61.27,61.26,61.27,18.2134
20140617000200000,0,0,61.26,61.29,61.25,61.29,61.171
20140617000300000,0,0,61.26,61.29,61.25,61.29,50.6675
20140617000400000,0,0,61.29,61.29,61.29,61.29,2
20140617000500000,0,0,61.29,61.29,61.29,61.29,2.4395
20140617000600000,0,0,61.33,61.33,61.33,61.33,0.01
20140617000700000,0,0,61.3,61.33,61.29,61.29,70
20140617000800000,0,0,61.33,61.34,61.31,61.34,1070.8399
20140617000900000,0,0,61.34,61.34,61.29,61.29,9.851
20140617001100000,0,0,61.3,61.35,61.3,61.35,60.5605
20140617001200000,0,0,61.32,61.37,61.31,61.37,184.1625
20140617001300000,0,0,61.37,61.42,61.37,61.42,39.0875
20140617001400000,0,0,61.37,61.38,61.34,61.38,121.107
20140617001500000,0,0,61.41,61.41,61.3,61.3,171.7933
20140617001600000,0,0,61.31,61.31,61.29,61.29,13.3507
20140617001700000,0,0,61.24,61.24,61.24,61.24,7
20140617001800000,0,0,61.27,61.27,61.27,61.27,3.0485
20140617001900000,0,0,61.31,61.31,61.31,61.31,1
20140617002100000,0,0,61.29,61.29,61.14,61.14,133.8495
20140617002500000,0,0,61.25,61.26,61.25,61.26,110.88
20140617002600000,0,0,61.26,61.26,61.26,61.26,102
20140617002800000,0,0,61.25,61.25,61.25,61.25,0.1976
20140617002900000,0,0,61.28,61.28,61.28,61.28,0.0656
20140617003200000,0,0,61.28,61.3,61.28,61.3,995.3324
20140617003300000,0,0,61.3,61.3,61.3,61.3,395.4851
20140617003400000,0,0,61.25,61.29,61.25,61.28,71.2334
20140617003500000,0,0,61.26,61.26,61.24,61.24,23.21
20140617003600000,0,0,61.22,61.22,61.2,61.2,116.0233
20140617003800000,0,0,61.18,61.25,61.17,61.24,172.5189
20140617004000000,0,0,61.18,61.18,61.18,61.18,10
20140617004100000,0,0,61.22,61.22,61.22,61.22,10
20140617004200000,0,0,61.19,61.19,61.18,61.18,10.01
20140617004300000,0,0,61.2,61.2,61.2,61.2,10
20140617004600000,0,0,61.2,61.21,61.2,61.21,90.272
20140617004700000,0,0,61.22,61.23,61.22,61.23,51.616
20140617004800000,0,0,61.24,61.24,61.24,61.24,40
20140617004900000,0,0,61.24,61.24,61.24,61.24,53.5
20140617005000000,0,0,61.24,61.24,61.24,61.24,0.01
20140617005100000,0,0,61.24,61.24,61.24,61.24,80
20140617005300000,0,0,61.3,61.36,61.3,61.36,8.3962
20140617005400000,0,0,61.38,61.38,61.38,61.38,2.3958
20140617005500000,0,0,61.36,61.36,61.36,61.36,0.01
20140617005600000,0,0,61.36,61.38,61.32,61.38,6.1872
20140617005800000,0,0,61.37,61.37,61.37,61.37,0.0253
20140617010200000,0,0,61.33,61.33,61.33,61.33,0.1
20140617010500000,0,0,61.31,61.31,61.31,61.31,1.0116
20140617010600000,0,0,61.32,61.37,61.29,61.37,22.0631
20140617010700000,0,0,61.29,61.29,61.29,61.29,0.14
20140617010900000,0,0,61.36,61.37,61.29,61.37,109.2473
20140617011000000,0,0,61.37,61.39,61.33,61.33,6.8
20140617011100000,0,0,61.38,61.38,61.38,61.38,0.9993
20140617011300000,0,0,61.35,61.39,61.35,61.39,11.852
20140617011400000,0,0,61.36,61.37,61.36,61.37,0.312
20140617011500000,0,0,61.36,61.39,61.35,61.39,97.024
20140617011600000,0,0,61.39,61.39,61.36,61.36,16.623
20140617011700000,0,0,61.39,61.39,61.39,61.39,17.492
20140617011800000,0,0,61.39,61.4,61.39,61.4,33.727
20140617011900000,0,0,61.4,61.43,61.39,61.43,342.895
20140617012000000,0,0,61.39,61.41,61.34,61.41,50.148
20140617012100000,0,0,61.38,61.38,61.38,61.38,4.3077
20140617012600000,0,0,61.36,61.39,61.2,61.39,1461.3004
20140617012700000,0,0,61.32,61.38,61.32,61.32,319.118
20140617012800000,0,0,61.37,61.4,61.23,61.33,152.6375
20140617012900000,0,0,61.29,61.33,61.29,61.33,24.8175
20140617013000000,0,0,61.33,61.35,61.33,61.34,4.98
20140617013100000,0,0,61.32,61.43,61.32,61.43,26.5225
20140617013200000,0,0,61.36,61.38,61.36,61.37,725.7744
20140617013400000,0,0,61.42,61.43,61.42,61.43,340.816
20140617013600000,0,0,61.43,61.44,61.43,61.44,407.3346
20140617013800000,0,0,61.36,61.43,61.36,61.43,1.0988
20140617013900000,0,0,61.36,61.36,61.36,61.36,0.2744
20140617014000000,0,0,61.43,61.44,61.43,61.44,5.2303
20140617014100000,0,0,61.44,61.44,61.44,61.44,5.8929
20140617014200000,0,0,61.44,61.44,61.44,61.44,4.8776
20140617014300000,0,0,61.44,61.44,61.36,61.39,562.0774
20140617014400000,0,0,61.4,61.4,61.4,61.4,16.186
20140617014500000,0,0,61.44,61.44,61.44,61.44,15
20140617014600000,0,0,61.46,61.46,61.46,61.46,3.0503
20140617014800000,0,0,61.44,61.44,61.41,61.41,21.9
20140617014900000,0,0,61.44,61.44,61.41,61.41,1.1187
20140617015200000,0,0,61.38,61.38,61.38,61.38,8.8467
20140617015600000,0,0,61.4,61.4,61.4,61.4,0.23
20140617015700000,0,0,61.45,61.45,61.45,61.45,312.3152
20140617015900000,0,0,61.46,61.46,61.44,61.44,14.4745
20140617020000000,0,0,61.44,61.44,61.44,61.44,160
20140617020100000,0,0,61.45,61.45,61.38,61.38,92.2777
20140617020300000,0,0,61.39,61.39,61.37,61.37,13.6074
20140617020400000,0,0,61.37,61.37,61.36,61.36,276.2958
20140617020600000,0,0,61.34,61.34,61.34,61.34,0.1
20140617020700000,0,0,61.38,61.38,61.38,61.38,1.804
20140617020900000,0,0,61.35,61.35,61.3,61.34,5.1345
20140617021000000,0,0,61.34,61.34,61.32,61.34,39.038
20140617021100000,0,0,61.34,61.34,61.34,61.34,22
20140617021200000,0,0,61.37,61.4,61.36,61.36,109.3496
20140617021300000,0,0,61.39,61.39,61.36,61.36,69
20140617021500000,0,0,61.36,61.36,61.36,61.36,0.1621
20140617021700000,0,0,61.38,61.38,61.38,61.38,1.421
20140617021800000,0,0,61.39,61.39,61.39,61.39,0.01
20140617022000000,0,0,61.39,61.39,61.39,61.39,40
20140617022100000,0,0,61.39,61.39,61.39,61.39,6
20140617023100000,0,0,61.36,61.36,61.36,61.36,4.874
20140617023400000,0,0,61.35,61.35,61.35,61.35,4.06
20140617023500000,0,0,61.38,61.38,61.35,61.35,10.03
20140617023600000,0,0,61.35,61.35,61.35,61.35,40
20140617023700000,0,0,61.35,61.35,61.35,61.35,183.597
20140617023800000,0,0,61.36,61.37,61.36,61.37,10
20140617024100000,0,0,61.34,61.34,61.24,61.24,80
20140617024200000,0,0,61.31,61.36,61.31,61.34,56.8727
20140617024600000,0,0,61.31,61.31,61.31,61.31,3.357
20140617024700000,0,0,61.34,61.35,61.34,61.35,16.732
20140617025000000,0,0,61.34,61.34,61.34,61.34,1
20140617025600000,0,0,61.28,61.33,61.27,61.33,1.203
20140617025700000,0,0,61.3,61.31,61.3,61.31,4.721
20140617025800000,0,0,61.31,61.31,61.31,61.31,16.289
20140617025900000,0,0,61.31,61.31,61.31,61.31,6.1156
20140617030400000,0,0,61.35,61.4,61.35,61.4,2
20140617030800000,0,0,61.35,61.38,61.34,61.38,12.178
20140617030900000,0,0,61.38,61.38,61.38,61.38,428.633
20140617031100000,0,0,61.33,61.33,61.32,61.32,10
20140617031200000,0,0,61.32,61.32,61.32,61.32,19
20140617031300000,0,0,61.33,61.33,61.33,61.33,4.0616
20140617031400000,0,0,61.32,61.32,61.32,61.32,14.0616
20140617031500000,0,0,61.32,61.32,61.32,61.32,20
20140617031600000,0,0,61.32,61.32,61.32,61.32,32.368
20140617031800000,0,0,61.32,61.32,61.32,61.32,1
20140617031900000,0,0,61.33,61.34,61.32,61.32,50.267
20140617032000000,0,0,61.33,61.35,61.32,61.32,254.511
20140617032100000,0,0,61.34,61.36,61.32,61.36,45.6091
20140617032200000,0,0,61.32,61.33,61.31,61.31,47.487
20140617032400000,0,0,61.32,61.32,61.31,61.31,25.6377
20140617032900000,0,0,61.35,61.36,61.35,61.36,4
20140617033000000,0,0,61.36,61.42,61.36,61.42,38.608
20140617033300000,0,0,61.38,61.38,61.23,61.25,94.912
20140617033700000,0,0,61.31,61.32,61.31,61.32,5.6886
20140617033900000,0,0,61.32,61.32,61.32,61.32,0.0994
20140617034000000,0,0,61.36,61.37,61.32,61.32,430.2057
20140617034500000,0,0,61.29,61.29,61.29,61.29,16.193
20140617034900000,0,0,61.31,61.32,61.31,61.32,1028.8485
20140617035200000,0,0,61.28,61.28,61.28,61.28,10
20140617035300000,0,0,61.29,61.29,61.28,61.28,10
20140617035400000,0,0,61.28,61.28,61.28,61.28,50
20140617035500000,0,0,61.28,61.28,61.24,61.26,60
20140617035600000,0,0,61.26,61.26,61.26,61.26,0.2323
20140617035800000,0,0,61.31,61.31,61.31,61.31,1
20140617040000000,0,0,61.3,61.3,61.3,61.3,0.01
20140617040200000,0,0,61.27,61.3,61.27,61.3,3.0611
20140617040700000,0,0,61.25,61.25,61.22,61.22,1820.8704
20140617041600000,0,0,61.23,61.25,61.21,61.24,160.1661
20140617041700000,0,0,61.24,61.24,61.24,61.24,40
20140617042200000,0,0,61.22,61.22,61.22,61.22,0.0891
20140617042800000,0,0,61.21,61.25,61.16,61.25,44.5176
20140617042900000,0,0,61.25,61.25,61.25,61.25,19.3083
20140617043000000,0,0,61.22,61.22,61.2,61.2,19.046
20140617043100000,0,0,61.2,61.21,61.17,61.17,118.4859
20140617043200000,0,0,61.21,61.21,61.17,61.21,50.488
20140617044000000,0,0,61.17,61.17,61.17,61.17,47.1613
20140617044100000,0,0,61.21,61.21,61.21,61.21,11.0544
20140617044200000,0,0,61.18,61.18,61.17,61.17,5.942
20140617044300000,0,0,61.17,61.17,61.17,61.17,84.834
20140617044400000,0,0,61.2,61.2,61.2,61.2,0.466
20140617044500000,0,0,61.2,61.25,61.2,61.25,29.689
20140617044600000,0,0,61.25,61.28,61.25,61.28,2.096
20140617044700000,0,0,61.28,61.28,61.28,61.28,80
20140617044800000,0,0,61.28,61.28,61.28,61.28,20
20140617044900000,0,0,61.26,61.26,61.26,61.26,11.054
20140617045200000,0,0,61.26,61.36,61.26,61.36,95.3324
20140617045400000,0,0,61.41,61.49,61.38,61.49,249.9966
20140617045500000,0,0,61.48,61.5,61.42,61.44,379.6802
20140617045600000,0,0,61.44,61.5,61.4,61.4,240.8025
20140617045700000,0,0,61.4,61.41,61.4,61.41,79.982
20140617045800000,0,0,61.41,61.41,61.37,61.37,260.758
20140617045900000,0,0,61.26,61.26,61.26,61.26,1110.496
20140617050000000,0,0,61.27,61.27,61.27,61.27,416.3277
20140617050400000,0,0,61.27,61.28,61.27,61.28,38.608
20140617051100000,0,0,61.29,61.3,61.29,61.3,145.544
20140617051400000,0,0,61.3,61.3,61.3,61.3,20
20140617051500000,0,0,61.3,61.3,61.24,61.3,206.8921
20140617051600000,0,0,61.3,61.3,61.3,61.3,56
20140617052100000,0,0,61.3,61.3,61.3,61.3,1.6
20140617052200000,0,0,61.3,61.3,61.3,61.3,0.8
20140617053700000,0,0,61.29,61.29,61.29,61.29,0.2445
20140617053900000,0,0,61.25,61.26,61.25,61.25,231.824
20140617054100000,0,0,61.25,61.25,61.25,61.25,60
20140617054200000,0,0,61.25,61.34,61.25,61.34,52.1352
20140617054300000,0,0,61.29,61.31,61.29,61.3,30
20140617054400000,0,0,61.3,61.3,61.3,61.3,27.564
20140617055400000,0,0,61.35,61.35,61.35,61.35,1.06
20140617055700000,0,0,61.35,61.36,61.35,61.36,32.8104
20140617055900000,0,0,61.41,61.48,61.41,61.48,17.9705
20140617060000000,0,0,61.42,61.44,61.42,61.44,2.3037
20140617060100000,0,0,61.43,61.43,61.37,61.37,71.8153
20140617060200000,0,0,61.42,61.43,61.41,61.42,210.992
20140617060300000,0,0,61.43,61.47,61.43,61.47,71.781
20140617060400000,0,0,61.47,61.47,61.36,61.36,28.685
20140617060600000,0,0,61.43,61.43,61.43,61.43,4.4453
20140617060700000,0,0,61.36,61.36,61.36,61.36,1
20140617060800000,0,0,61.36,61.36,61.36,61.36,3.9314
20140617060900000,0,0,61.32,61.32,61.32,61.32,2
20140617061700000,0,0,61.39,61.42,61.34,61.34,81.8656
20140617061900000,0,0,61.39,61.39,61.39,61.39,10.487
20140617062100000,0,0,61.4,61.4,61.4,61.4,60.487
20140617062500000,0,0,61.45,61.45,61.45,61.45,23
20140617062700000,0,0,61.46,61.46,61.46,61.46,12
20140617062800000,0,0,61.46,61.46,61.46,61.46,6.1304
20140617062900000,0,0,61.45,61.48,61.44,61.44,54.8994
20140617063000000,0,0,61.46,61.47,61.46,61.47,13.0602
20140617063100000,0,0,61.48,61.49,61.46,61.46,508
20140617063400000,0,0,61.45,61.45,61.45,61.45,100
20140617063600000,0,0,61.41,61.41,61.41,61.41,5.1
20140617063700000,0,0,61.45,61.46,61.43,61.43,26.698
20140617063800000,0,0,61.48,61.48,61.37,61.4,65.664
20140617063900000,0,0,61.49,61.52,61.48,61.52,8.5884
20140617064000000,0,0,61.55,61.58,61.43,61.52,53.634
20140617064300000,0,0,61.49,61.49,61.49,61.49,0.812
20140617064400000,0,0,61.48,61.48,61.48,61.48,4
20140617064900000,0,0,61.46,61.46,61.44,61.44,60.6
20140617065000000,0,0,61.4,61.4,61.4,61.4,25
20140617065100000,0,0,61.43,61.44,61.43,61.44,9.1754
20140617065200000,0,0,61.4,61.43,61.4,61.43,235.5711
20140617065400000,0,0,61.43,61.43,61.4,61.4,0.2
20140617065500000,0,0,61.4,61.4,61.4,61.4,2
20140617065600000,0,0,61.4,61.4,61.4,61.4,193.95
20140617065700000,0,0,61.4,61.4,61.4,61.4,48.9835
20140617065800000,0,0,61.4,61.4,61.4,61.4,51.1421
20140617070700000,0,0,61.4,61.4,61.4,61.4,2.3021
20140617070800000,0,0,61.38,61.38,61.38,61.38,0.5
20140617070900000,0,0,61.38,61.4,61.38,61.38,118
20140617071000000,0,0,61.37,61.38,61.37,61.38,100
20140617071100000,0,0,61.38,61.42,61.38,61.41,36.587
20140617071200000,0,0,61.36,61.36,61.34,61.34,13.8932
20140617071300000,0,0,61.35,61.35,61.31,61.31,0.1214
20140617071400000,0,0,61.35,61.35,61.35,61.35,138.814
20140617071500000,0,0,61.34,61.34,61.34,61.34,1.628
20140617071600000,0,0,61.45,61.45,61.45,61.45,1
20140617071900000,0,0,61.38,61.38,61.38,61.38,4.9
20140617072000000,0,0,61.38,61.38,61.28,61.28,23.581
20140617072200000,0,0,61.32,61.32,61.32,61.32,0.5
20140617072300000,0,0,61.31,61.31,61.26,61.27,22.308
20140617072400000,0,0,61.27,61.31,61.27,61.3,337.923
20140617072500000,0,0,61.3,61.34,61.24,61.24,163.1346
20140617072600000,0,0,61.25,61.31,61.25,61.29,70.187
20140617072700000,0,0,61.29,61.29,61.24,61.29,21.02
20140617072800000,0,0,61.29,61.29,61.24,61.24,0.336
20140617073100000,0,0,61.28,61.28,61.28,61.28,4.768
20140617073200000,0,0,61.28,61.28,61.21,61.22,121.2911
20140617073300000,0,0,61.24,61.24,61.22,61.22,20.8576
20140617073400000,0,0,61.22,61.23,61.22,61.22,10.6917
20140617073500000,0,0,61.23,61.26,61.22,61.26,551.5079
20140617073600000,0,0,61.27,61.28,61.21,61.24,110.5754
20140617073700000,0,0,61.24,61.24,61.21,61.24,95.9223
20140617073800000,0,0,61.26,61.32,61.25,61.32,11.0313
20140617073900000,0,0,61.32,61.32,61.26,61.26,0.366
20140617074000000,0,0,61.31,61.32,61.28,61.28,0.612
20140617074100000,0,0,61.32,61.32,61.32,61.32,2.138
20140617074200000,0,0,61.32,61.35,61.32,61.34,51.944
20140617074300000,0,0,61.34,61.35,61.34,61.35,30.221
20140617074400000,0,0,61.35,61.35,61.31,61.31,20.897
20140617074500000,0,0,61.3,61.35,61.3,61.35,66.229
20140617074600000,0,0,61.34,61.34,61.31,61.31,1.064
20140617074700000,0,0,61.31,61.35,61.31,61.31,60.472
20140617074800000,0,0,61.28,61.3,61.27,61.29,9.6461
20140617074900000,0,0,61.23,61.23,61.22,61.23,140.9529
20140617075000000,0,0,61.23,61.23,61.2,61.2,55.423
20140617075100000,0,0,61.2,61.2,61.16,61.16,121.7508
20140617075200000,0,0,61.16,61.16,61.15,61.15,180.9367
20140617075300000,0,0,61.17,61.19,61.15,61.19,30.185
20140617075400000,0,0,61.19,61.19,61.19,61.19,21.0267
20140617075600000,0,0,61.16,61.18,61.15,61.18,318.5824
20140617075800000,0,0,61.18,61.18,61.16,61.16,51
20140617075900000,0,0,61.16,61.16,61.16,61.16,8
20140617080000000,0,0,61.16,61.16,61.16,61.16,1
20140617080100000,0,0,61.16,61.16,61.15,61.16,451.2448
20140617080200000,0,0,61.16,61.16,61.15,61.15,54.49
20140617080300000,0,0,61.2,61.2,61.2,61.2,0.818
20140617080700000,0,0,61.21,61.21,61.2,61.21,4.7039
20140617080800000,0,0,61.21,61.28,61.17,61.19,182.7623
20140617080900000,0,0,61.16,61.16,61.16,61.16,292.6282
20140617081000000,0,0,61.18,61.18,61.18,61.18,1
20140617081200000,0,0,61.18,61.18,61.16,61.16,44.7274
20140617081400000,0,0,61.19,61.24,61.19,61.24,26.127
20140617081700000,0,0,61.24,61.27,61.24,61.27,20.5
20140617081900000,0,0,61.26,61.27,61.25,61.25,34.9148
20140617082000000,0,0,61.27,61.3,61.27,61.3,541.8178
20140617082100000,0,0,61.3,61.34,61.28,61.3,18.8453
20140617082200000,0,0,61.33,61.35,61.29,61.34,127.2193
20140617082300000,0,0,61.35,61.35,61.34,61.34,46.4559
20140617082400000,0,0,61.34,61.34,61.34,61.34,13.5392
20140617082500000,0,0,61.34,61.38,61.33,61.33,1057.8181
20140617082700000,0,0,61.29,61.29,61.29,61.29,2.438
20140617082800000,0,0,61.34,61.36,61.34,61.36,0.2
20140617082900000,0,0,61.35,61.37,61.3,61.37,64.717
20140617083000000,0,0,61.31,61.38,61.31,61.32,35.0559
20140617083100000,0,0,61.32,61.35,61.28,61.28,399.8554
20140617083200000,0,0,61.27,61.29,61.19,61.25,353.3067
20140617083400000,0,0,61.25,61.25,61.25,61.25,12.475
20140617083600000,0,0,61.28,61.29,61.28,61.29,21.518
20140617083700000,0,0,61.26,61.26,61.25,61.25,42.0426
20140617083800000,0,0,61.25,61.29,61.25,61.29,32.6004
20140617083900000,0,0,61.25,61.25,61.24,61.24,51.3607
20140617084000000,0,0,61.24,61.26,61.21,61.26,4.0117
20140617084100000,0,0,61.21,61.37,61.21,61.32,164.7116
20140617084200000,0,0,61.3,61.3,61.19,61.28,209.0991
20140617084300000,0,0,61.28,61.28,61.28,61.28,6.2497
20140617084400000,0,0,61.29,61.31,61.29,61.31,17.55
20140617084700000,0,0,61.27,61.27,61.27,61.27,4
20140617084800000,0,0,61.28,61.28,61.27,61.27,59.4399
20140617085000000,0,0,61.27,61.27,61.25,61.25,208.004
20140617085100000,0,0,61.26,61.27,61.25,61.27,142.654
20140617085200000,0,0,61.28,61.34,61.27,61.34,511.3013
20140617085300000,0,0,61.34,61.35,61.34,61.34,646.7597
20140617085400000,0,0,61.34,61.34,61.34,61.34,222.2461
20140617085600000,0,0,61.34,61.34,61.34,61.34,70.9451
20140617085700000,0,0,61.36,61.38,61.34,61.38,114.1007
20140617085800000,0,0,61.38,61.38,61.38,61.38,0.483
20140617085900000,0,0,61.35,61.35,61.34,61.34,54.99
20140617090000000,0,0,61.34,61.34,61.34,61.34,0.01
20140617090200000,0,0,61.34,61.34,61.34,61.34,3.0372
20140617090300000,0,0,61.34,61.34,61.34,61.34,7.0264
20140617090600000,0,0,61.34,61.34,61.28,61.28,56.4693
20140617090800000,0,0,61.33,61.34,61.33,61.34,50
20140617090900000,0,0,61.3,61.33,61.29,61.33,120.56
20140617091000000,0,0,61.33,61.34,61.33,61.34,315.187
20140617091100000,0,0,61.31,61.31,61.3,61.3,40.9807
20140617091300000,0,0,61.31,61.33,61.3,61.3,514.3597
20140617091400000,0,0,61.3,61.33,61.3,61.3,816.3878
20140617091500000,0,0,61.3,61.3,61.3,61.3,194.7903
20140617091600000,0,0,61.3,61.3,61.3,61.3,46.8451
20140617091700000,0,0,61.28,61.36,61.28,61.36,397.0544
20140617091800000,0,0,61.27,61.27,61.27,61.27,0.0303
20140617092000000,0,0,61.33,61.34,61.29,61.34,32.4546
20140617092300000,0,0,61.3,61.3,61.3,61.3,0.815
20140617092400000,0,0,61.3,61.3,61.28,61.3,5.02
20140617092700000,0,0,61.3,61.38,61.19,61.19,420.6273
20140617092800000,0,0,61.23,61.3,61.19,61.22,212.682
20140617092900000,0,0,61.22,61.22,61.19,61.19,45.787
20140617093000000,0,0,61.2,61.2,61.2,61.2,1.618
20140617093100000,0,0,61.18,61.32,61.16,61.3,604.3448
20140617093200000,0,0,61.21,61.22,61.17,61.18,34.316
20140617093300000,0,0,61.2,61.24,61.2,61.24,507.129
20140617093400000,0,0,61.24,61.3,61.24,61.3,436.666
20140617093500000,0,0,61.28,61.28,61.28,61.28,2.2222
20140617093600000,0,0,61.26,61.26,61.24,61.24,92.806
20140617093700000,0,0,61.25,61.25,61.25,61.25,94.3071
20140617093800000,0,0,61.24,61.24,61.2,61.2,126.3293
20140617093900000,0,0,61.24,61.26,61.21,61.26,317.799
20140617094000000,0,0,61.24,61.25,61.24,61.25,258.9307
20140617094100000,0,0,61.25,61.27,61.25,61.25,159.3298
20140617094200000,0,0,61.25,61.28,61.2,61.21,1096.7205
20140617094300000,0,0,61.21,61.22,61.21,61.22,79.42
20140617094400000,0,0,61.22,61.22,61.22,61.22,4.101
20140617094500000,0,0,61.22,61.28,61.21,61.25,136.9417
20140617094600000,0,0,61.25,61.25,61.21,61.21,479.335
20140617094700000,0,0,61.24,61.24,61.21,61.22,287.7404
20140617094800000,0,0,61.22,61.24,61.22,61.24,417.1374
20140617094900000,0,0,61.24,61.28,61.24,61.28,83.8313
20140617095000000,0,0,61.24,61.24,61.22,61.22,4.818
20140617095100000,0,0,61.22,61.26,61.22,61.22,37.536
20140617095200000,0,0,61.25,61.25,61.25,61.25,3.0229
20140617095400000,0,0,61.25,61.25,61.22,61.22,0.4948
20140617095500000,0,0,61.25,61.25,61.25,61.25,2
20140617095600000,0,0,61.25,61.25,61.25,61.25,21.564
20140617095700000,0,0,61.25,61.28,61.25,61.28,14.079
20140617095900000,0,0,61.28,61.28,61.27,61.27,16.6
20140617100000000,0,0,61.28,61.29,61.26,61.27,62.861
20140617100100000,0,0,61.27,61.3,61.27,61.29,96.644
20140617100200000,0,0,61.29,61.3,61.25,61.25,126.6314
20140617100300000,0,0,61.25,61.25,61.25,61.25,13.8096
20140617100400000,0,0,61.24,61.24,61.23,61.23,12
20140617100500000,0,0,61.25,61.27,61.25,61.27,10.882
20140617100600000,0,0,61.27,61.27,61.27,61.27,4.661
20140617100700000,0,0,61.27,61.27,61.27,61.27,1.2146
20140617100900000,0,0,61.29,61.3,61.29,61.3,90
20140617101000000,0,0,61.3,61.3,61.29,61.3,19.47
20140617101100000,0,0,61.31,61.31,61.31,61.31,3
20140617101200000,0,0,61.32,61.38,61.31,61.38,1132.0288
20140617101300000,0,0,61.35,61.37,61.33,61.36,154.1821
20140617101500000,0,0,61.34,61.37,61.34,61.37,11.9999
20140617101600000,0,0,61.34,61.34,61.33,61.33,71.1412
20140617101700000,0,0,61.33,61.33,61.33,61.33,5.8188
20140617101800000,0,0,61.34,61.34,61.33,61.33,78.9562
20140617101900000,0,0,61.34,61.55,61.33,61.33,1605.9233
20140617102000000,0,0,61.34,61.34,61.33,61.33,298.0507
20140617102100000,0,0,61.33,61.43,61.31,61.31,197.8132
20140617102200000,0,0,61.31,61.31,61.3,61.31,3.4429
20140617102300000,0,0,61.31,61.34,61.31,61.31,377.931
20140617102400000,0,0,61.31,61.32,61.26,61.28,201.575
20140617102500000,0,0,61.29,61.41,61.28,61.29,39.818
20140617102700000,0,0,61.35,61.36,61.32,61.32,57.4546
20140617102800000,0,0,61.34,61.36,61.34,61.36,49.061
20140617102900000,0,0,61.36,61.37,61.36,61.37,41.5456
20140617103000000,0,0,61.33,61.33,61.32,61.32,3.1704
20140617103100000,0,0,61.31,61.31,61.3,61.3,101.6115
20140617103200000,0,0,61.3,61.31,61.28,61.28,78.9731
20140617103300000,0,0,61.28,61.29,61.28,61.28,20.3492
20140617103400000,0,0,61.3,61.31,61.29,61.29,86.183
20140617103500000,0,0,61.29,61.3,61.29,61.29,207.1097
20140617103600000,0,0,61.29,61.29,61.26,61.26,310.478
20140617103700000,0,0,61.28,61.28,61.27,61.27,228
20140617103800000,0,0,61.27,61.29,61.27,61.29,16.6539
20140617103900000,0,0,61.28,61.28,61.28,61.28,1
20140617104000000,0,0,61.28,61.28,61.28,61.28,11.1222
20140617104100000,0,0,61.29,61.3,61.27,61.27,37.9824
20140617104200000,0,0,61.27,61.28,61.27,61.27,12.2086
20140617104300000,0,0,61.29,61.29,61.27,61.27,182.5353
20140617104400000,0,0,61.27,61.28,61.25,61.25,6707.782
20140617104500000,0,0,61.26,61.26,61.25,61.25,97.4499
20140617104600000,0,0,61.25,61.26,61.25,61.25,24.4336
20140617104700000,0,0,61.25,61.25,61.19,61.19,13.53
20140617104800000,0,0,61.2,61.2,61.2,61.2,11.39
20140617104900000,0,0,61.21,61.22,61.21,61.22,22.724
20140617105000000,0,0,61.23,61.28,61.23,61.28,4.055
20140617105100000,0,0,61.25,61.25,61.25,61.25,12.2109
20140617105200000,0,0,61.25,61.25,61.25,61.25,24.4244
20140617105300000,0,0,61.25,61.28,61.25,61.25,10.2117
20140617105400000,0,0,61.25,61.28,61.25,61.25,28.4485
20140617105500000,0,0,61.25,61.25,61.25,61.25,3.158
20140617105600000,0,0,61.25,61.25,61.25,61.25,3.0551
20140617105800000,0,0,61.25,61.25,61.25,61.25,15.2806
20140617105900000,0,0,61.25,61.28,61.25,61.25,176.091
20140617110000000,0,0,61.25,61.25,61.25,61.25,13
20140617110100000,0,0,61.25,61.28,61.25,61.28,0.5113
20140617110200000,0,0,61.25,61.25,61.25,61.25,14
20140617110300000,0,0,61.25,61.25,61.25,61.25,4.5
20140617110400000,0,0,61.26,61.26,61.26,61.26,2
20140617110500000,0,0,61.28,61.28,61.25,61.25,5.8221
20140617110700000,0,0,61.27,61.27,61.27,61.27,12
20140617110900000,0,0,61.26,61.26,61.26,61.26,0.493
20140617111000000,0,0,61.27,61.28,61.27,61.27,3.23
20140617111100000,0,0,61.27,61.28,61.26,61.27,3.909
20140617111200000,0,0,61.26,61.27,61.26,61.27,2.205
20140617111300000,0,0,61.27,61.27,61.26,61.26,3.98
20140617111400000,0,0,61.26,61.29,61.26,61.29,9.203
20140617111500000,0,0,61.27,61.27,61.27,61.27,20
20140617111600000,0,0,61.25,61.28,61.25,61.28,2
20140617111700000,0,0,61.26,61.28,61.26,61.26,30.03
20140617111800000,0,0,61.26,61.26,61.26,61.26,40
20140617111900000,0,0,61.26,61.26,61.25,61.25,11
20140617112000000,0,0,61.25,61.25,61.25,61.25,33.212
20140617112100000,0,0,61.25,61.25,61.25,61.25,19.334
20140617112200000,0,0,61.26,61.26,61.25,61.26,1.145
20140617112300000,0,0,61.25,61.25,61.25,61.25,314.6064
20140617112500000,0,0,61.25,61.26,61.25,61.26,81.862
20140617112600000,0,0,61.25,61.25,61.25,61.25,112.0937
20140617112700000,0,0,61.25,61.29,61.25,61.25,10.025
20140617112900000,0,0,61.25,61.25,61.25,61.25,400
20140617113000000,0,0,61.25,61.25,61.25,61.25,1.027
20140617113100000,0,0,61.25,61.25,61.25,61.25,7.8675
20140617113200000,0,0,61.21,61.21,61.21,61.21,1.299
20140617113300000,0,0,61.21,61.21,61.21,61.21,1.788
20140617113400000,0,0,61.2,61.2,61.19,61.19,30.5212
20140617113700000,0,0,61.2,61.2,61.2,61.2,2.922
20140617113800000,0,0,61.21,61.21,61.19,61.19,9.002
20140617113900000,0,0,61.19,61.22,61.19,61.19,24.7141
20140617114000000,0,0,61.2,61.2,61.19,61.19,0.827
20140617114100000,0,0,61.2,61.23,61.19,61.23,216.0968
20140617114200000,0,0,61.2,61.2,61.18,61.19,222.5896
20140617114300000,0,0,61.19,61.19,61.19,61.19,14.01
20140617114400000,0,0,61.19,61.19,61.18,61.19,2.3398
20140617114600000,0,0,61.2,61.2,61.19,61.19,16.404
20140617114700000,0,0,61.2,61.2,61.19,61.19,215.1604
20140617114900000,0,0,61.21,61.21,61.2,61.2,153.542
20140617115000000,0,0,61.2,61.2,61.2,61.2,1000
20140617115100000,0,0,61.22,61.22,61.21,61.21,9.1573
20140617115200000,0,0,61.18,61.18,61.18,61.18,349.999
20140617115300000,0,0,61.19,61.19,61.19,61.19,6.1051
20140617115800000,0,0,61.18,61.19,61.18,61.19,50.01
20140617120000000,0,0,61.19,61.2,61.19,61.2,53.8207
20140617120100000,0,0,61.2,61.21,61.2,61.21,2.1222
20140617120200000,0,0,61.21,61.21,61.21,61.21,3.2535
20140617120300000,0,0,61.21,61.21,61.21,61.21,21.3769
20140617120400000,0,0,61.21,61.21,61.21,61.21,3.0539
20140617120500000,0,0,61.19,61.2,61.19,61.2,14.9384
20140617120600000,0,0,61.2,61.21,61.2,61.2,1642.1262
20140617120700000,0,0,61.2,61.26,61.2,61.2,210.248
20140617120800000,0,0,61.2,61.21,61.2,61.2,152.8092
20140617120900000,0,0,61.2,61.2,61.2,61.2,161.12
20140617121000000,0,0,61.2,61.21,61.2,61.2,171.7534
20140617121100000,0,0,61.2,61.26,61.2,61.26,49.3881
20140617121200000,0,0,61.25,61.25,61.25,61.25,30.2871
20140617121600000,0,0,61.22,61.22,61.21,61.21,5
20140617121900000,0,0,61.21,61.21,61.21,61.21,6.1989
20140617122000000,0,0,61.2,61.21,61.2,61.21,366.2
20140617122100000,0,0,61.21,61.21,61.2,61.2,89.2328
20140617122200000,0,0,61.21,61.21,61.21,61.21,0.966
20140617122300000,0,0,61.2,61.2,61.2,61.2,3.7242
20140617122400000,0,0,61.2,61.2,61.2,61.2,0.2
20140617122800000,0,0,61.2,61.2,61.2,61.2,30.4735
20140617122900000,0,0,61.21,61.21,61.21,61.21,91.4127
20140617123000000,0,0,61.2,61.2,61.2,61.2,110.9405
20140617123100000,0,0,61.2,61.2,61.2,61.2,411.4963
20140617123200000,0,0,61.2,61.2,61.2,61.2,0.111
20140617123300000,0,0,61.2,61.2,61.2,61.2,2
20140617123400000,0,0,61.2,61.2,61.18,61.18,44.4847
20140617123500000,0,0,61.2,61.2,61.2,61.2,0.5
20140617123600000,0,0,61.17,61.17,61.15,61.15,30.5092
20140617123700000,0,0,61.16,61.16,61.15,61.15,30.511
20140617123800000,0,0,61.15,61.18,61.15,61.18,54.9905
20140617123900000,0,0,61.18,61.19,61.18,61.18,6.4612
20140617124000000,0,0,61.14,61.17,61.11,61.11,23.147
20140617124100000,0,0,61.12,61.12,61,61.11,8180.9554
20140617124200000,0,0,61.08,61.08,61.08,61.08,10.7662
20140617124300000,0,0,61.06,61.08,61.04,61.08,18.0483
20140617124400000,0,0,61.04,61.09,60.99,61,2733.8384
20140617124500000,0,0,61,61,60.97,61,446.6501
20140617124600000,0,0,61,61,60.99,60.99,25.7541
20140617124700000,0,0,60.99,61,60.99,61,49.6659
20140617124800000,0,0,60.99,61,60.99,61,18.3862
20140617124900000,0,0,61,61,60.99,60.99,22.5746
20140617125000000,0,0,60.99,60.99,60.99,60.99,14
20140617125100000,0,0,60.95,60.98,60.93,60.93,8.8553
20140617125200000,0,0,60.9,60.93,60.83,60.93,673.3339
20140617125300000,0,0,60.93,60.95,60.9,60.9,315.3077
20140617125400000,0,0,60.9,60.9,60.86,60.88,219.7595
20140617125500000,0,0,60.85,60.87,60.72,60.83,272.2506
20140617125600000,0,0,60.83,60.83,60.73,60.82,33.5422
20140617125700000,0,0,60.81,60.93,60.74,60.74,875.7485
20140617125800000,0,0,60.74,60.82,60.74,60.8,2009.8809
20140617125900000,0,0,60.8,60.8,60.7,60.7,848.0245
20140617130000000,0,0,60.7,60.7,60.55,60.55,384.3031
20140617130100000,0,0,60.58,60.6,60.5,60.52,375.5826
20140617130200000,0,0,60.53,60.63,60.52,60.57,103.3508
20140617130300000,0,0,60.57,60.66,60.57,60.6,166.0484
20140617130400000,0,0,60.6,60.64,60.53,60.57,459.7728
20140617130500000,0,0,60.57,60.7,60.53,60.55,159.8005
20140617130600000,0,0,60.55,60.55,60.53,60.54,533.0198
20140617130700000,0,0,60.54,60.54,60.5,60.52,890.2796
20140617130800000,0,0,60.5,60.51,60.4,60.4,3016.8021
20140617130900000,0,0,60.4,60.48,60.4,60.41,622.8014
20140617131000000,0,0,60.47,60.49,60.4,60.4,454.6726
20140617131100000,0,0,60.43,60.45,60.33,60.38,577.3135
20140617131200000,0,0,60.41,60.48,60.4,60.48,878.889
20140617131300000,0,0,60.44,60.44,60.4,60.4,1474.0269
20140617131400000,0,0,60.4,60.42,60.34,60.38,449.1175
20140617131500000,0,0,60.35,60.43,60.35,60.39,250.687
20140617131600000,0,0,60.41,60.45,60.4,60.45,215.813
20140617131700000,0,0,60.45,60.48,60.32,60.32,561.3619
20140617131800000,0,0,60.33,60.36,60.3,60.36,1136.083
20140617131900000,0,0,60.37,60.37,60.37,60.37,4
20140617132000000,0,0,60.37,60.37,60.35,60.35,799.2081
20140617132100000,0,0,60.35,60.39,60.35,60.38,574.043
20140617132200000,0,0,60.38,60.49,60.3,60.49,5337.9675
20140617132300000,0,0,60.5,60.53,60.43,60.44,509.7894
20140617132400000,0,0,60.44,60.51,60.43,60.51,1386.0646
20140617132500000,0,0,60.47,60.5,60.46,60.46,288.5952
20140617132600000,0,0,60.46,60.46,60.45,60.46,160.021
20140617132700000,0,0,60.46,60.49,60.46,60.47,212.508
20140617132800000,0,0,60.46,60.46,60.46,60.46,444.883
20140617132900000,0,0,60.47,60.55,60.46,60.55,852.1715
20140617133000000,0,0,60.55,60.58,60.5,60.51,519.9913
20140617133100000,0,0,60.51,60.52,60.48,60.48,373.9945
20140617133200000,0,0,60.49,60.49,60.47,60.49,250.5863
20140617133300000,0,0,60.49,60.5,60.49,60.5,58.2266
20140617133400000,0,0,60.52,60.52,60.51,60.52,10.3788
20140617133500000,0,0,60.52,60.52,60.5,60.52,313.644
20140617133600000,0,0,60.52,60.52,60.51,60.51,158.8465
20140617133700000,0,0,60.53,60.58,60.53,60.58,23.6841
20140617133800000,0,0,60.54,60.56,60.54,60.56,262.0822
20140617133900000,0,0,60.56,60.56,60.54,60.54,195.207
20140617134000000,0,0,60.57,60.57,60.57,60.57,20.1008
20140617134100000,0,0,60.55,60.57,60.55,60.57,31.956
20140617134300000,0,0,60.57,60.57,60.57,60.57,89.994
20140617134400000,0,0,60.58,60.58,60.56,60.56,10.5089
20140617134600000,0,0,60.56,60.56,60.54,60.54,799.2533
20140617134700000,0,0,60.52,60.53,60.52,60.52,25.6849
20140617135000000,0,0,60.52,60.53,60.52,60.53,21.5419
20140617135100000,0,0,60.53,60.53,60.53,60.53,13.4334
20140617135200000,0,0,60.58,60.58,60.54,60.54,1.828
20140617135300000,0,0,60.54,60.57,60.51,60.51,345.6316
20140617135400000,0,0,60.52,60.52,60.46,60.46,209.7723
20140617135500000,0,0,60.45,60.46,60.42,60.44,55.5091
20140617135700000,0,0,60.44,60.46,60.44,60.46,248.2509
20140617135900000,0,0,60.52,60.52,60.37,60.37,477.6662
20140617140000000,0,0,60.48,60.51,60.48,60.51,141.9049
20140617140100000,0,0,60.5,60.52,60.5,60.52,29.6118
20140617140200000,0,0,60.52,60.52,60.52,60.52,223.248
20140617140300000,0,0,60.5,60.51,60.5,60.51,62.5823
20140617140400000,0,0,60.41,60.54,60.41,60.54,139.4472
20140617140600000,0,0,60.5,60.5,60.5,60.5,18.6009
20140617140700000,0,0,60.5,60.5,60.5,60.5,111.2643
20140617140800000,0,0,60.51,60.51,60.51,60.51,30.8564
20140617140900000,0,0,60.53,60.53,60.53,60.53,931.6324
20140617141000000,0,0,60.52,60.52,60.52,60.52,0.8826
20140617141100000,0,0,60.55,60.55,60.54,60.54,13.4242
20140617141200000,0,0,60.54,60.54,60.53,60.54,93.3949
20140617141300000,0,0,60.53,60.53,60.53,60.53,20
20140617141400000,0,0,60.52,60.52,60.52,60.52,0.8826
20140617141500000,0,0,60.51,60.51,60.51,60.51,200
20140617141600000,0,0,60.52,60.52,60.51,60.52,214.9867
20140617141700000,0,0,60.54,60.56,60.54,60.54,1055.2974
20140617141800000,0,0,60.55,60.62,60.55,60.62,991.263
20140617141900000,0,0,60.62,60.62,60.62,60.62,101.5
20140617142100000,0,0,60.6,60.6,60.59,60.59,175
20140617142300000,0,0,60.58,60.58,60.58,60.58,0.2
20140617142500000,0,0,60.55,60.57,60.55,60.56,151.5947
20140617142600000,0,0,60.56,60.56,60.56,60.56,18.7862
20140617142700000,0,0,60.56,60.56,60.55,60.55,2
20140617142900000,0,0,60.51,60.51,60.5,60.5,5.826
20140617143000000,0,0,60.43,60.47,60.43,60.47,617.1949
20140617143100000,0,0,60.49,60.5,60.49,60.5,150.136
20140617143200000,0,0,60.49,60.49,60.49,60.49,1
20140617143300000,0,0,60.49,60.5,60.48,60.5,204.318
20140617143400000,0,0,60.54,60.54,60.5,60.5,27.6951
20140617143500000,0,0,60.5,60.51,60.5,60.51,23.3149
20140617143600000,0,0,60.51,60.54,60.51,60.54,237.135
20140617143700000,0,0,60.54,60.54,60.54,60.54,92.6123
20140617143800000,0,0,60.54,60.54,60.54,60.54,30.8671
20140617143900000,0,0,60.54,60.54,60.52,60.52,138.4098
20140617144100000,0,0,60.55,60.56,60.55,60.56,31.5545
20140617144200000,0,0,60.58,60.65,60.58,60.65,92.9694
20140617144300000,0,0,60.65,60.67,60.65,60.67,93.0202
20140617144400000,0,0,60.68,60.7,60.68,60.69,160.9222
20140617144500000,0,0,60.69,60.69,60.61,60.61,117.9564
20140617144600000,0,0,60.62,60.62,60.62,60.62,0.3
20140617144700000,0,0,60.61,60.61,60.61,60.61,906.6734
20140617144800000,0,0,60.61,60.61,60.61,60.61,154.158
20140617144900000,0,0,60.65,60.65,60.65,60.65,9.633
20140617145100000,0,0,60.66,60.67,60.66,60.66,70.3306
20140617145200000,0,0,60.67,60.7,60.65,60.67,1291.1006
20140617145300000,0,0,60.67,60.67,60.67,60.67,10.8633
20140617145400000,0,0,60.67,60.67,60.64,60.66,184.9038
20140617145500000,0,0,60.67,60.67,60.67,60.67,1
20140617145800000,0,0,60.68,60.68,60.62,60.64,919.1482
20140617145900000,0,0,60.64,60.64,60.61,60.61,758.736
20140617150000000,0,0,60.59,60.59,60.56,60.56,85.0888
20140617150100000,0,0,60.56,60.56,60.56,60.56,42.5557
20140617150200000,0,0,60.56,60.56,60.5,60.5,1502.0369
20140617150300000,0,0,60.5,60.55,60.5,60.55,18.3312
20140617150400000,0,0,60.51,60.51,60.51,60.51,0.213
20140617150700000,0,0,60.51,60.54,60.51,60.54,1.899
20140617150900000,0,0,60.5,60.5,60.5,60.5,0.826
20140617151000000,0,0,60.5,60.5,60.5,60.5,60
20140617151100000,0,0,60.49,60.49,60.49,60.49,0.223
20140617151200000,0,0,60.5,60.5,60.5,60.5,239.718
20140617151300000,0,0,60.47,60.48,60.41,60.42,66.6289
20140617151400000,0,0,60.47,60.48,60.47,60.48,34.299
20140617151500000,0,0,60.43,60.5,60.42,60.5,63.2922
20140617152100000,0,0,60.45,60.45,60.45,60.45,0.7128
20140617152300000,0,0,60.46,60.46,60.46,60.46,0.1756
20140617152600000,0,0,60.49,60.55,60.49,60.55,30.45
20140617152800000,0,0,60.51,60.51,60.51,60.51,48.2478
20140617153000000,0,0,60.5,60.5,60.49,60.49,3.9169
20140617153100000,0,0,60.49,60.49,60.46,60.46,7.0739
20140617153200000,0,0,60.48,60.48,60.45,60.45,218
20140617153300000,0,0,60.48,60.49,60.44,60.49,292.9792
20140617153400000,0,0,60.45,60.45,60.45,60.45,0.3333
20140617153500000,0,0,60.48,60.48,60.47,60.47,20.79
20140617153600000,0,0,60.45,60.45,60.45,60.45,79.51
20140617153700000,0,0,60.45,60.45,60.45,60.45,99.4689
20140617153800000,0,0,60.45,60.49,60.44,60.44,25.1631
20140617154000000,0,0,60.44,60.46,60.43,60.43,320.148
20140617154100000,0,0,60.46,60.46,60.46,60.46,400.2113
20140617154200000,0,0,60.46,60.46,60.43,60.43,2
20140617154300000,0,0,60.43,60.43,60.43,60.43,10
20140617154400000,0,0,60.46,60.47,60.46,60.47,932.3296
20140617154500000,0,0,60.47,60.47,60.47,60.47,720.2173
20140617154600000,0,0,60.47,60.47,60.47,60.47,200
20140617154700000,0,0,60.47,60.47,60.47,60.47,40
20140617155000000,0,0,60.47,60.47,60.47,60.47,202.383
20140617155100000,0,0,60.47,60.47,60.47,60.47,13.472
20140617155200000,0,0,60.46,60.46,60.13,60.44,1431.0073
20140617155300000,0,0,60.44,60.45,60.36,60.38,1008.0647
20140617155400000,0,0,60.4,60.41,60.4,60.41,237.927
20140617155500000,0,0,60.4,60.41,60.4,60.41,110
20140617155600000,0,0,60.4,60.41,60.4,60.41,578.1979
20140617155700000,0,0,60.4,60.47,60.4,60.4,896.6234
20140617155800000,0,0,60.43,60.43,60.4,60.43,80.314
